fips,median_age,white_pct,black_pct,hispanic_pct
01001,39.2,73.6,20.0,0.8
01003,43.7,82.8,8.0,1.6
01005,40.7,44.0,46.9,0.9
01007,41.3,75.1,20.7,1.9
01009,40.9,89.5,1.3,1.7
01011,40.4,22.9,71.2,0.1
01013,42.2,51.2,44.7,0.8
01015,39.0,71.0,22.0,1.3
01017,41.5,55.4,39.8,0.8
01019,47.4,91.3,3.8,1.8
01021,39.5,80.9,9.2,2.3
01023,47.0,56.7,38.2,2.3
01025,42.5,51.5,45.4,0.6
01027,43.8,80.5,13.0,0.9
01029,42.3,92.8,3.9,0.9
01031,38.8,71.5,16.6,2.7
01033,42.3,78.0,15.8,1.4
01035,46.3,50.2,45.8,0.9
01037,50.3,64.6,29.7,1.2
01039,42.8,83.2,11.7,1.4
01041,42.4,70.6,23.4,1.2
01043,41.1,91.0,1.1,1.5
01045,38.0,68.6,21.2,2.1
01047,40.3,27.2,70.5,0.7
01049,39.6,81.3,1.3,3.8
01051,38.9,73.3,21.1,1.0
01053,40.5,61.0,30.7,5.9
01055,41.8,77.3,15.0,1.4
01057,42.8,84.5,12.3,0.8
01059,38.6,75.7,4.0,2.1
01061,44.0,84.3,8.6,2.0
01063,44.4,17.9,81.5,0.1
01065,41.0,38.4,55.8,0.5
01067,45.0,71.0,25.2,1.4
01069,40.3,65.5,27.2,1.3
01071,43.4,89.0,3.0,3.4
01073,37.8,49.3,42.5,1.1
01075,44.5,86.6,9.3,0.8
01077,40.7,83.5,9.7,1.2
01079,42.8,76.1,9.9,9.6
01081,33.6,67.7,22.3,1.1
01083,40.5,75.3,12.8,2.4
01085,42.7,24.5,74.5,0.3
01087,37.8,17.1,78.3,1.6
01089,38.2,64.2,24.3,2.0
01091,41.1,45.0,51.3,0.9
01093,43.8,91.4,3.6,1.7
01095,38.6,82.1,2.6,3.0
01097,38.4,56.1,36.0,1.7
01099,43.9,53.7,42.2,1.9
01101,36.9,31.8,58.8,0.8
01103,40.3,75.4,13.1,2.8
01105,42.5,28.0,71.0,0.7
01107,42.5,58.2,39.3,0.8
01109,31.7,56.1,37.4,1.5
01111,44.0,75.6,16.5,3.4
01113,37.2,46.6,45.5,1.2
01115,41.0,84.3,9.9,0.9
01117,40.0,76.5,13.2,1.0
01119,34.9,25.9,71.2,1.0
01121,42.2,62.7,31.7,0.9
01123,45.4,68.7,23.4,3.2
01125,33.0,60.9,32.0,0.9
01127,41.3,87.9,6.1,1.0
01129,44.1,66.9,22.7,8.4
01131,42.0,27.6,70.7,0.7
01133,45.3,92.8,1.2,2.1
02013,41.8,16.6,6.0,43.8
02016,39.1,24.6,5.3,11.4
02020,34.9,58.3,5.3,13.4
02050,28.7,8.7,1.2,87.8
02060,39.3,48.2,0.6,33.7
02063,38.4,72.6,1.4,10.1
02066,45.5,53.4,0.1,43.0
02068,44.1,78.3,1.0,6.4
02070,30.9,15.3,0.6,81.1
02090,32.4,70.4,3.8,12.0
02100,52.4,79.2,0.2,10.0
02105,51.4,51.1,0.9,41.0
02110,39.8,63.5,0.7,18.9
02122,41.5,79.1,0.6,12.8
02130,40.8,63.5,0.4,21.6
02150,35.4,50.9,0.6,17.2
02158,23.6,3.2,0.9,93.8
02164,33.4,16.4,2.3,78.6
02170,36.6,78.3,1.3,12.0
02180,29.4,14.1,1.0,81.8
02185,35.2,31.6,2.6,54.0
02188,28.3,10.4,0.6,85.2
02195,45.7,61.7,1.5,15.0
02198,43.7,44.5,0.4,50.7
02220,39.6,61.5,0.4,21.1
02230,42.5,70.2,2.2,6.0
02240,37.9,76.1,0.9,17.9
02275,44.3,55.1,0.1,33.3
02282,53.2,24.7,5.5,41.9
02290,37.3,22.7,1.3,73.5
04001,36.2,20.2,1.0,74.4
04003,42.9,66.8,3.8,2.7
04005,32.4,57.0,1.5,28.3
04007,51.4,67.7,0.6,18.8
04009,34.4,66.2,1.3,14.8
04011,36.1,64.7,1.5,4.7
04012,59.7,61.3,0.4,17.5
04013,37.5,63.0,5.8,3.6
04015,53.2,81.5,1.2,3.7
04017,39.4,45.4,1.2,45.8
04019,39.7,63.2,3.6,5.6
04021,40.3,66.0,5.0,6.7
04023,37.9,42.1,0.2,1.3
04025,55.0,82.7,0.6,3.3
04027,35.8,48.4,1.7,3.1
05001,41.0,70.4,25.7,1.4
05003,42.7,70.0,24.6,0.5
05005,51.9,92.9,0.4,2.1
05007,35.8,66.0,1.8,3.6
05009,41.3,94.3,0.3,2.1
05011,38.5,58.3,26.4,6.1
05013,44.8,79.0,12.3,3.2
05015,44.7,73.2,0.2,3.2
05017,42.9,41.0,53.4,1.5
05019,31.9,69.6,23.7,1.5
05021,42.6,94.0,0.1,3.9
05023,49.5,94.4,0.4,2.2
05025,43.7,83.9,13.1,2.2
05027,34.5,61.2,34.9,1.0
05029,42.6,82.0,11.1,1.7
05031,34.5,73.2,16.8,1.4
05033,39.1,82.9,1.2,4.6
05035,36.0,40.4,50.4,5.5
05037,40.6,72.0,18.4,7.3
05039,44.5,52.9,43.8,1.3
05041,41.2,44.9,48.6,0.2
05043,37.7,65.7,26.7,0.9
05045,34.0,79.9,11.9,1.3
05047,42.4,86.3,0.2,3.7
05049,48.6,92.9,0.2,4.3
05051,45.3,83.6,7.8,2.1
05053,40.2,91.8,2.6,1.1
05055,37.8,90.2,2.2,1.2
05057,41.1,55.5,29.7,1.6
05059,43.0,82.8,11.5,1.7
05061,39.4,64.4,20.8,2.0
05063,39.0,84.9,1.6,3.2
05065,47.5,87.8,1.6,2.4
05067,40.4,75.7,14.7,4.2
05069,39.5,37.6,56.3,1.3
05071,39.4,84.3,1.7,2.9
05073,48.5,57.7,35.8,1.3
05075,39.8,92.7,1.0,1.7
05077,41.9,40.0,54.7,0.7
05079,40.1,62.1,28.6,1.0
05081,42.2,72.9,19.6,2.5
05083,43.8,89.3,1.7,2.0
05085,37.3,85.7,5.5,1.8
05087,41.2,74.5,0.2,4.6
05089,51.9,94.0,0.2,3.0
05091,39.0,67.5,25.7,1.7
05093,36.9,57.5,34.8,1.1
05095,45.5,53.4,40.2,1.5
05097,50.8,91.0,0.9,3.1
05099,44.2,64.9,31.9,1.0
05101,48.9,93.6,0.2,2.9
05103,44.0,55.2,41.0,1.5
05105,44.1,91.8,1.8,2.0
05107,39.9,34.4,61.5,0.9
05109,42.8,87.8,3.8,1.9
05111,39.8,84.9,5.9,4.2
05113,44.4,89.4,0.1,5.3
05115,36.7,84.6,2.3,3.3
05117,45.8,84.7,10.5,1.0
05119,37.5,50.8,36.8,1.3
05121,39.3,89.8,1.1,1.8
05123,39.7,41.1,55.0,1.1
05125,40.4,82.1,8.4,1.6
05127,42.4,84.9,1.5,5.4
05129,48.5,88.2,0.1,4.1
05131,38.0,69.2,5.7,4.6
05133,34.8,58.7,5.0,4.1
05135,47.5,92.4,0.6,2.9
05137,49.2,90.6,0.1,2.8
05139,41.5,62.0,32.4,1.2
05141,49.6,92.9,0.6,2.5
05143,32.5,67.2,3.2,3.4
05145,38.4,87.8,4.4,1.4
05147,44.9,69.7,27.1,0.6
05149,39.9,79.1,1.7,1.9
06001,38.7,32.0,9.9,2.1
06003,41.1,63.5,0.0,28.1
06005,49.9,77.8,2.0,5.0
06007,36.3,72.6,1.8,4.3
06009,52.0,80.8,1.2,3.8
06011,35.7,51.2,1.4,3.2
06013,40.3,43.5,8.5,2.6
06015,40.8,67.1,2.9,10.3
06017,46.1,79.9,0.9,2.5
06019,33.2,41.8,4.4,3.1
06021,35.9,59.8,0.6,3.8
06023,39.6,73.6,1.3,8.6
06025,33.0,30.4,2.5,2.7
06027,45.6,64.6,1.0,15.1
06029,32.4,49.2,5.2,2.9
06031,32.3,46.0,6.4,3.1
06033,44.2,69.2,2.2,6.6
06035,37.8,68.9,8.3,5.1
06037,37.9,35.4,7.8,2.7
06039,34.6,44.1,2.6,5.0
06041,47.3,70.4,2.3,1.9
06043,51.6,79.7,1.3,6.2
06045,43.9,68.3,0.9,6.8
06047,31.8,36.0,2.9,3.0
06049,49.0,80.7,0.8,6.3
06051,40.3,74.1,0.1,6.8
06053,35.3,36.5,2.2,2.5
06055,42.8,60.1,1.9,2.5
06057,50.3,85.7,0.3,2.6
06059,39.1,46.4,1.6,2.0
06061,42.4,72.5,1.7,2.4
06063,52.1,87.1,1.4,4.9
06065,36.7,42.2,6.5,3.1
06067,37.2,47.2,9.5,3.1
06069,35.9,45.1,1.0,4.5
06071,34.4,39.1,8.0,3.0
06073,37.1,53.0,4.7,2.5
06075,39.7,40.5,5.1,1.8
06077,35.2,37.1,7.0,6.1
06079,40.2,72.4,1.1,2.6
06081,40.6,40.7,2.2,2.2
06083,34.5,54.3,1.7,3.6
06085,37.9,33.2,2.4,1.9
06087,39.6,62.8,1.0,3.0
06089,41.7,80.2,0.9,5.1
06091,56.0,90.4,0.3,2.6
06093,47.4,79.4,1.7,7.6
06095,39.1,42.7,12.9,2.8
06097,42.7,64.5,1.6,3.7
06099,34.8,50.1,2.8,3.3
06101,36.4,50.3,1.7,4.3
06103,40.1,69.3,0.9,5.0
06105,54.8,80.5,0.9,5.6
06107,31.9,42.6,1.5,3.3
06109,48.8,82.6,1.7,4.4
06111,39.4,58.6,1.8,3.3
06113,32.3,54.8,2.7,2.8
06115,33.9,60.5,3.7,5.7
08001,34.6,60.2,3.5,4.4
08003,33.1,61.6,1.8,9.3
08005,37.3,61.9,10.8,2.7
08007,52.2,80.4,0.0,4.7
08009,43.0,89.9,0.3,2.6
08011,41.7,70.2,3.5,6.9
08013,37.5,80.7,0.8,1.5
08014,38.8,78.9,1.3,1.8
08015,47.6,88.8,1.1,3.3
08017,43.0,83.4,1.1,2.0
08019,49.2,88.8,1.4,2.4
08021,38.8,61.4,0.2,7.2
08023,50.7,52.4,3.5,7.8
08025,39.6,67.0,6.0,6.7
08027,58.6,93.8,0.0,0.6
08029,48.4,86.7,0.8,2.3
08031,35.2,62.9,8.8,2.9
08033,57.2,79.5,0.0,9.5
08035,39.5,81.7,1.4,1.6
08037,39.3,72.0,0.9,0.8
08039,44.8,85.7,0.5,2.2
08041,35.0,72.6,5.9,3.1
08043,44.9,86.8,3.8,3.0
08045,37.2,72.5,0.6,2.2
08047,48.7,88.4,1.1,3.3
08049,45.5,81.2,0.4,2.9
08051,37.0,89.6,1.1,2.4
08053,54.8,86.9,2.0,5.0
08055,55.1,85.1,0.0,4.2
08057,51.5,89.7,1.1,0.4
08059,40.4,82.0,1.1,2.3
08061,43.9,93.2,0.0,4.8
08063,39.0,80.6,0.1,3.1
08065,36.9,67.7,0.1,4.5
08067,42.3,83.4,0.2,8.2
08069,36.6,84.1,1.0,2.0
08071,46.5,71.5,1.7,9.4
08073,40.7,83.6,5.7,3.1
08075,39.1,82.8,1.6,2.0
08077,40.8,84.7,0.6,2.4
08079,53.7,90.9,0.0,3.4
08081,37.9,85.1,0.1,2.6
08083,44.5,77.8,1.2,14.9
08085,45.7,81.4,0.3,2.5
08087,36.9,70.4,3.1,2.9
08089,40.9,71.0,1.0,4.1
08091,55.6,89.9,2.0,0.8
08093,51.7,90.8,0.8,2.9
08095,40.3,81.7,0.0,2.6
08097,47.3,86.2,0.5,0.4
08099,38.5,70.4,0.7,4.1
08101,40.4,74.5,2.1,4.7
08103,39.1,85.5,0.1,3.7
08105,43.2,74.5,0.4,7.2
08107,42.6,85.0,0.2,2.7
08109,49.8,76.5,0.7,8.0
08111,42.2,87.5,0.0,1.9
08113,42.7,89.6,0.7,2.4
08115,42.9,84.8,0.9,2.9
08117,39.2,79.5,0.4,0.7
08119,52.0,87.5,1.0,2.4
08121,41.2,88.6,1.2,1.8
08123,35.2,76.0,1.4,3.0
08125,39.6,80.0,0.1,1.5
09110,40.2,65.8,12.5,1.0
09120,40.0,59.1,12.6,0.9
09130,45.8,82.1,5.1,1.3
09140,41.9,67.0,11.2,1.4
09150,43.9,88.6,1.8,2.1
09160,47.1,85.1,2.7,1.1
09170,40.2,64.0,14.0,1.0
09180,41.0,76.2,5.5,2.6
09190,41.5,64.1,10.3,1.0
10001,38.5,59.9,27.0,1.6
10003,39.2,56.5,25.3,1.1
10005,51.4,75.6,10.5,1.7
11001,34.9,39.1,43.3,1.6
12001,32.2,62.7,19.4,1.0
12003,38.1,78.2,11.7,3.4
12005,41.4,76.5,10.0,1.8
12007,40.5,73.9,18.6,1.8
12009,46.8,75.4,9.8,1.2
12011,41.3,42.6,28.3,1.3
12013,41.8,76.6,11.6,2.3
12015,60.0,84.7,5.3,1.0
12017,56.9,88.8,2.2,1.4
12019,40.2,71.9,11.4,1.4
12021,53.1,69.5,6.6,1.8
12023,40.7,72.8,16.5,1.5
12027,42.8,67.7,12.9,1.3
12029,45.8,85.1,6.6,3.0
12031,36.7,52.8,28.9,1.2
12033,38.1,64.4,21.2,2.1
12035,52.6,77.2,9.4,1.1
12037,49.2,80.0,10.9,1.0
12039,42.0,33.9,55.1,1.8
12041,42.7,89.1,3.2,2.1
12043,45.8,64.3,15.1,3.6
12045,47.3,79.1,14.0,2.6
12047,40.6,58.7,32.2,2.5
12049,35.9,61.4,6.5,2.7
12051,35.7,55.2,10.8,3.1
12053,48.1,78.7,5.0,1.2
12055,54.2,72.6,9.4,1.6
12057,37.8,54.8,16.4,1.3
12059,42.4,84.8,6.7,2.0
12061,55.0,77.3,8.1,1.2
12063,42.9,66.6,25.4,1.6
12065,47.0,62.8,30.1,0.9
12067,41.8,76.8,17.7,1.1
12069,46.7,70.6,10.1,1.2
12071,49.3,70.5,8.0,1.4
12073,31.9,56.5,30.7,1.0
12075,47.1,82.2,8.4,1.4
12077,39.1,77.3,13.1,2.6
12079,44.9,56.1,36.5,1.5
12081,49.4,74.6,7.9,1.2
12083,48.2,71.7,12.6,1.4
12085,53.2,80.9,5.0,1.3
12086,40.8,36.9,15.4,0.6
12087,48.9,72.6,7.4,1.0
12089,46.3,85.9,5.5,1.0
12091,37.3,72.9,9.4,1.9
12093,40.7,72.6,8.1,1.6
12095,36.4,46.6,20.3,1.3
12097,37.0,43.4,11.0,1.3
12099,45.4,57.4,18.5,1.0
12101,43.7,75.1,6.1,1.3
12103,48.9,75.1,9.7,1.1
12105,39.6,59.8,14.8,1.3
12107,45.0,73.0,15.3,1.3
12109,44.0,81.2,5.2,0.8
12111,45.3,59.8,21.0,1.1
12113,40.0,81.3,5.5,2.1
12115,57.3,84.0,4.1,0.9
12117,39.8,62.7,11.9,1.2
12119,68.4,86.3,6.8,0.7
12121,42.5,77.0,10.0,2.1
12123,43.8,73.3,20.1,1.4
12125,40.1,73.2,16.2,5.3
12127,46.6,72.6,10.7,1.0
12129,42.5,78.0,13.9,1.6
12131,43.8,84.2,3.8,3.2
12133,41.6,78.0,13.6,2.1
13001,39.9,69.8,17.7,1.5
13003,36.2,64.1,15.2,1.1
13005,39.0,73.9,15.0,1.7
13007,48.1,49.0,40.7,1.4
13009,36.4,52.5,41.8,0.7
13011,42.4,87.0,1.7,3.0
13013,36.4,69.3,13.2,2.2
13015,38.0,78.2,11.0,1.3
13017,38.5,57.3,37.7,0.9
13019,39.8,81.3,10.6,0.8
13021,36.6,36.0,54.5,1.2
13023,37.4,68.9,26.0,0.4
13025,40.9,92.4,2.9,2.3
13027,43.0,57.4,34.7,0.9
13029,34.7,72.3,14.0,1.1
13031,30.2,62.8,28.3,1.5
13033,38.4,50.1,45.3,1.0
13035,38.5,65.5,27.6,1.3
13037,39.7,34.0,59.6,1.6
13039,34.6,70.7,18.2,1.6
13043,41.0,60.7,22.6,5.6
13045,35.3,69.8,20.5,1.3
13047,40.8,89.1,2.3,1.4
13049,38.0,56.9,25.0,2.5
13051,37.1,47.7,39.4,1.3
13053,23.9,59.1,18.5,2.9
13055,41.1,82.1,9.5,2.0
13057,40.0,78.2,7.2,2.1
13059,29.4,57.7,26.3,2.1
13061,46.1,39.8,59.5,0.4
13063,33.3,11.5,69.8,1.4
13065,38.8,65.3,25.6,4.1
13067,37.4,50.5,27.0,1.6
13069,36.6,60.7,28.1,1.7
13071,37.2,57.3,22.8,2.3
13073,37.5,67.6,18.0,1.1
13075,37.5,65.3,27.9,1.3
13077,39.0,71.4,18.5,1.3
13079,46.0,73.4,21.5,1.2
13081,40.4,50.9,45.0,1.0
13083,42.2,92.1,1.6,1.4
13085,43.9,88.9,1.6,1.2
13087,38.7,50.0,42.0,1.4
13089,36.3,30.1,51.5,2.5
13091,42.4,65.7,30.8,0.9
13093,45.9,41.8,47.9,2.3
13095,36.6,23.9,70.6,0.9
13097,36.8,36.4,49.2,1.4
13099,40.7,43.3,51.9,1.3
13101,31.2,67.6,4.2,0.2
13103,36.6,76.4,14.3,1.5
13105,42.4,64.8,25.7,3.3
13107,38.6,59.7,32.4,2.6
13109,36.9,55.3,27.3,2.1
13111,54.0,93.3,0.7,1.4
13113,43.3,59.0,25.5,1.2
13115,37.8,72.7,13.7,1.2
13117,39.4,66.3,4.1,1.3
13119,40.2,82.5,8.4,1.3
13121,36.2,39.4,43.1,1.0
13123,50.0,87.8,0.8,4.6
13125,43.2,86.9,11.8,0.3
13127,43.3,64.6,24.6,0.9
13129,38.8,80.9,3.7,3.0
13131,39.4,60.7,30.1,1.2
13133,52.3,60.0,30.7,1.3
13135,35.9,36.1,28.4,1.3
13137,39.6,79.3,3.4,1.3
13139,38.2,67.4,6.8,1.2
13141,47.3,26.4,71.4,0.6
13143,38.8,90.6,4.7,1.1
13145,43.3,76.3,15.8,1.1
13147,44.7,74.9,17.2,2.1
13149,41.2,85.1,7.9,3.4
13151,37.0,36.7,50.8,1.4
13153,36.2,55.0,31.6,1.4
13155,40.4,68.0,25.3,0.0
13157,38.1,79.8,7.7,0.9
13159,43.1,74.8,17.1,1.0
13161,40.5,70.6,13.9,3.6
13163,40.7,43.1,52.3,1.1
13165,42.3,57.4,38.0,0.8
13167,44.1,62.4,33.4,1.4
13169,41.4,70.7,25.1,0.8
13171,38.7,66.5,28.5,0.6
13173,36.7,66.6,24.5,1.0
13175,39.9,57.1,37.5,0.7
13177,37.2,68.1,23.4,1.9
13179,28.7,39.7,42.9,1.9
13181,48.3,68.6,27.3,1.2
13183,33.6,55.7,26.0,2.9
13185,31.3,52.7,37.1,1.4
13187,36.9,90.6,1.8,1.5
13189,39.1,55.0,41.1,1.0
13191,52.1,63.3,29.8,3.4
13193,39.9,33.5,59.1,1.1
13195,39.8,79.4,9.2,0.9
13197,43.9,59.1,28.8,1.9
13199,43.6,57.7,38.2,1.3
13201,42.8,65.6,27.3,1.4
13205,39.9,47.2,46.0,0.7
13207,42.5,73.4,21.6,0.7
13209,38.2,67.6,23.0,1.9
13211,42.3,73.4,21.7,0.6
13213,39.3,87.3,0.6,2.6
13215,35.1,39.3,46.7,1.3
13217,36.4,42.0,47.4,1.6
13219,40.7,83.7,3.3,2.8
13221,42.6,75.2,15.9,0.9
13223,36.7,66.1,22.0,1.7
13225,37.8,46.8,43.3,1.3
13227,46.1,93.1,0.5,2.2
13229,40.3,84.7,9.8,1.1
13231,39.9,87.7,8.5,0.7
13233,38.5,75.5,11.9,1.6
13235,43.7,58.0,33.2,3.0
13237,47.4,66.8,25.6,0.6
13239,59.4,48.4,49.9,0.7
13241,49.9,88.5,0.9,1.1
13243,37.6,27.4,67.7,1.2
13245,35.0,33.4,56.1,1.2
13247,39.2,28.3,57.7,1.7
13249,41.6,78.3,17.2,2.1
13251,42.7,56.0,39.6,2.4
13253,45.7,63.1,33.5,0.6
13255,39.2,56.9,35.4,0.8
13257,41.2,81.3,10.6,1.3
13259,36.7,27.4,60.5,2.3
13261,37.0,41.4,49.8,3.1
13263,50.5,40.7,55.2,1.2
13265,44.8,41.7,44.7,0.9
13267,38.1,58.2,27.5,1.5
13269,42.9,58.6,38.7,0.4
13271,39.4,51.8,36.8,0.7
13273,41.4,36.4,59.9,0.3
13275,39.9,58.3,35.8,1.4
13277,37.3,57.2,29.0,1.6
13279,37.2,63.3,23.8,2.6
13281,56.9,93.5,1.7,1.9
13283,39.6,64.5,31.3,1.6
13285,37.2,55.8,36.5,0.9
13287,37.4,55.9,37.6,2.5
13289,47.2,55.4,40.6,1.9
13291,55.9,93.5,0.9,1.9
13293,41.4,67.7,26.5,0.9
13295,41.8,90.5,4.4,0.8
13297,39.7,72.1,19.7,1.1
13299,38.0,62.1,29.9,1.2
13301,45.3,39.4,57.6,0.7
13303,40.6,42.3,51.6,0.7
13305,38.9,72.0,19.9,1.1
13307,42.8,46.0,49.0,4.3
13309,39.5,59.0,38.5,0.6
13311,45.4,90.7,2.0,1.1
13313,36.6,69.7,3.4,3.2
13315,41.3,61.3,33.5,1.9
13317,46.3,52.0,41.0,0.8
13319,43.2,55.4,38.2,0.7
13321,43.0,67.6,24.2,4.5
15001,44.1,31.1,0.8,4.0
15003,39.4,18.8,2.4,2.3
15005,39.9,25.6,0.0,11.6
15007,42.7,30.1,0.6,3.1
15009,42.9,31.0,0.8,2.5
16001,38.3,84.8,1.3,2.2
16003,54.3,91.6,0.2,5.0
16005,35.0,84.3,0.9,4.2
16007,40.2,94.4,0.3,2.7
16009,46.0,85.0,0.7,11.6
16011,34.8,79.1,0.3,6.5
16013,45.5,80.3,0.5,1.9
16015,53.5,87.4,0.2,3.1
16017,48.2,91.0,0.3,2.8
16019,33.3,85.4,0.5,1.7
16021,42.8,88.8,0.7,3.2
16023,39.2,92.3,0.0,2.3
16025,34.9,78.1,0.0,2.6
16027,34.8,74.3,0.7,2.9
16029,38.0,91.9,0.0,2.0
16031,33.1,72.3,0.1,3.5
16033,33.4,67.1,0.0,0.5
16035,52.0,89.9,0.2,4.1
16037,59.5,89.9,0.3,3.4
16039,32.5,74.5,3.2,3.6
16041,32.5,91.9,0.0,2.8
16043,39.9,88.8,0.3,2.6
16045,42.8,87.2,0.2,2.0
16047,38.4,72.1,0.1,3.1
16049,49.6,91.6,0.1,4.7
16051,32.3,88.3,0.1,2.4
16053,33.6,69.9,0.1,2.7
16055,40.8,88.2,0.3,2.7
16057,30.7,88.6,1.0,2.0
16059,53.1,92.1,0.0,4.4
16061,48.9,83.4,1.7,6.1
16063,37.2,69.4,0.6,5.4
16065,21.4,88.1,0.9,1.2
16067,34.5,72.1,0.3,2.1
16069,40.9,88.4,0.1,6.5
16071,40.2,94.1,0.4,2.4
16073,38.3,73.1,0.5,7.1
16075,38.8,82.5,0.1,3.2
16077,33.9,65.4,0.9,4.0
16079,45.1,90.9,0.9,3.7
16081,39.8,82.4,0.0,2.6
16083,35.8,81.6,0.9,2.3
16085,49.0,95.1,0.1,0.4
16087,44.6,83.3,0.1,4.2
17001,41.1,91.0,3.6,0.6
17003,45.8,63.2,32.6,1.1
17005,40.4,88.8,6.9,2.0
17007,39.5,74.2,2.5,1.9
17009,40.9,75.6,17.3,1.9
17011,44.1,89.0,0.6,0.7
17013,48.5,94.9,1.0,0.6
17015,44.9,90.8,3.9,0.9
17017,38.1,77.7,3.8,0.8
17019,30.9,66.3,13.4,0.9
17021,42.7,93.0,2.6,0.4
17023,42.0,95.9,0.7,1.7
17025,41.5,95.4,0.7,2.0
17027,41.4,91.4,3.2,1.1
17029,38.2,90.3,3.8,0.7
17031,37.8,46.4,22.5,1.7
17033,42.4,91.1,3.5,3.1
17035,42.3,96.0,0.1,0.9
17037,32.6,76.3,7.8,1.4
17039,44.0,94.5,1.0,1.3
17041,38.9,90.5,1.4,0.8
17043,40.0,67.2,5.0,1.0
17045,46.4,96.3,0.6,0.5
17047,44.6,95.6,0.2,1.0
17049,39.5,95.9,0.7,0.3
17051,41.7,89.4,3.8,3.3
17053,42.5,91.5,0.8,0.8
17055,43.4,94.8,0.4,1.3
17057,43.7,92.9,2.6,2.4
17059,47.3,96.1,0.7,2.7
17061,43.1,96.1,0.7,0.7
17063,38.6,88.4,2.1,0.7
17065,43.5,96.0,0.1,0.7
17067,46.3,95.0,0.8,0.7
17069,55.0,96.3,1.2,0.6
17071,49.8,95.2,0.3,2.3
17073,43.4,88.5,2.2,0.9
17075,44.4,89.6,0.7,1.1
17077,32.9,73.6,14.4,1.5
17079,44.2,97.1,0.1,1.1
17081,41.1,84.9,6.5,2.2
17083,43.2,95.3,0.6,1.5
17085,50.9,94.0,0.8,0.8
17087,42.7,82.2,7.6,4.8
17089,38.6,61.7,5.1,2.1
17091,39.0,74.5,14.6,1.1
17093,36.0,69.1,8.3,1.0
17095,42.4,83.3,7.8,0.7
17097,38.9,64.0,6.6,1.9
17099,42.1,86.8,2.7,0.7
17101,40.6,85.3,6.7,4.7
17103,43.0,86.8,5.4,1.0
17105,41.9,90.3,3.5,0.4
17107,40.5,88.1,6.0,1.1
17109,35.1,87.1,5.8,0.8
17111,40.4,82.4,1.6,1.2
17113,34.2,79.3,8.4,0.8
17115,40.9,75.2,17.1,0.9
17117,44.3,94.6,1.2,0.8
17119,40.2,84.0,8.6,1.0
17121,41.3,90.4,4.2,0.5
17123,45.9,93.7,0.4,0.6
17125,45.5,96.0,0.9,0.7
17127,45.0,87.9,6.3,1.0
17129,42.8,95.7,0.5,1.3
17131,44.5,94.8,0.6,0.6
17133,42.5,96.1,0.6,0.5
17135,42.6,93.4,2.7,1.8
17137,41.5,88.4,5.3,0.9
17139,40.4,96.0,1.1,0.4
17141,42.0,87.7,1.2,1.3
17143,38.1,68.6,17.5,1.0
17145,42.2,86.5,8.0,0.5
17147,42.5,95.6,1.6,0.7
17149,42.9,96.1,0.5,0.5
17151,50.8,89.6,5.0,3.0
17153,42.7,62.8,32.3,1.3
17155,47.2,92.9,0.2,0.4
17157,43.0,86.9,8.0,0.8
17159,42.5,94.1,0.5,1.4
17161,40.3,73.0,11.0,1.4
17163,39.5,61.2,28.0,2.3
17165,43.2,92.4,2.8,1.1
17167,40.8,79.1,12.7,0.7
17169,48.8,92.3,4.7,0.5
17171,44.3,95.7,1.2,0.6
17173,45.5,96.8,0.1,1.3
17175,44.6,93.1,1.0,0.5
17177,45.2,82.1,8.4,0.7
17179,41.7,93.9,1.4,0.6
17181,44.3,90.5,0.8,1.4
17183,41.2,78.9,14.8,0.6
17185,43.0,93.9,1.0,0.8
17187,38.7,84.9,2.8,1.9
17189,44.2,95.6,0.8,1.4
17191,43.1,96.0,0.3,1.4
17193,44.4,96.3,0.7,0.7
17195,43.4,87.9,1.1,1.2
17197,38.9,65.0,11.8,1.6
17199,41.4,89.2,3.5,2.1
17201,39.7,69.1,13.3,1.7
17203,40.5,95.0,0.6,0.6
18001,33.2,94.1,0.4,1.2
18003,36.2,72.7,10.9,1.3
18005,37.7,80.1,1.8,0.8
18007,40.3,92.0,1.5,0.7
18009,44.0,95.2,0.5,0.9
18011,38.3,88.6,2.4,0.7
18013,50.9,94.6,0.6,1.6
18015,42.9,95.0,0.7,0.7
18017,41.1,80.9,1.3,1.6
18019,39.8,83.3,7.0,1.5
18021,41.2,95.0,0.3,1.0
18023,36.5,83.4,0.7,0.6
18025,45.6,95.3,0.3,3.3
18027,34.7,90.3,1.6,1.0
18029,41.8,95.2,0.2,0.7
18031,40.4,93.7,0.3,2.8
18033,38.4,95.0,0.2,0.5
18035,35.7,86.3,5.3,2.3
18037,40.1,89.6,1.6,0.7
18039,35.5,75.3,4.9,1.3
18041,43.9,94.5,1.1,0.9
18043,40.1,86.9,5.1,1.0
18045,42.8,94.6,0.8,0.9
18047,42.3,96.4,0.1,0.5
18049,42.2,91.2,0.4,2.6
18051,40.8,91.2,2.2,0.9
18053,39.3,85.0,4.9,4.2
18055,43.1,95.9,0.4,0.9
18057,38.0,81.6,4.2,0.7
18059,40.2,89.9,3.1,0.7
18061,43.0,95.6,0.9,1.6
18063,38.6,80.4,9.1,0.9
18065,42.1,93.0,2.3,0.9
18067,41.0,85.3,7.9,1.8
18069,40.8,94.7,0.8,1.0
18071,38.8,81.6,1.1,1.9
18073,41.4,88.9,0.7,0.8
18075,39.6,93.8,0.3,1.6
18077,41.6,93.1,1.1,1.9
18079,40.1,94.6,0.5,1.3
18081,38.1,86.2,3.1,0.8
18083,39.1,90.5,1.6,2.1
18085,39.0,87.9,0.7,0.8
18087,32.5,94.5,0.3,1.0
18089,39.6,57.2,23.2,1.4
18091,40.8,79.2,10.5,1.1
18093,43.5,94.8,0.4,1.2
18095,40.8,84.8,6.3,2.5
18097,34.3,54.2,27.6,1.6
18099,39.6,90.1,0.5,1.1
18101,41.8,95.7,0.2,0.8
18103,41.0,88.9,3.7,1.6
18105,31.4,83.4,3.6,1.0
18107,40.0,90.5,0.7,1.2
18109,41.6,94.8,0.5,1.0
18111,43.0,89.2,1.0,1.4
18113,39.5,88.7,0.3,0.8
18115,46.0,95.0,0.4,0.7
18117,43.0,93.3,1.5,1.5
18119,45.3,95.5,0.6,1.5
18121,42.5,95.0,2.2,0.8
18123,41.1,93.2,2.1,2.1
18125,43.5,95.8,0.3,2.3
18127,40.6,85.1,4.2,0.9
18129,43.1,94.1,0.7,1.2
18131,42.4,92.3,0.3,0.9
18133,38.4,91.7,3.4,0.6
18135,42.1,91.4,0.8,1.2
18137,40.9,95.3,0.2,0.6
18139,42.7,96.0,0.7,0.7
18141,36.7,72.1,12.6,1.3
18143,41.2,94.9,0.3,2.0
18145,41.2,92.3,1.2,0.6
18147,44.2,94.8,0.6,0.7
18149,41.9,94.1,0.4,1.0
18151,43.6,93.2,0.8,1.7
18153,41.3,91.1,3.4,1.7
18155,42.1,95.3,0.3,0.8
18157,28.8,75.8,6.0,0.9
18159,44.5,94.5,0.8,0.6
18161,43.7,95.9,0.6,1.9
18163,38.9,82.1,9.7,0.9
18165,42.5,96.1,0.0,1.7
18167,36.4,85.3,6.1,1.0
18169,42.6,94.4,1.2,1.0
18171,43.4,94.9,0.1,3.1
18173,41.3,90.9,2.1,1.8
18175,41.4,96.0,0.3,0.7
18177,40.9,87.0,4.1,1.8
18179,40.2,93.3,1.1,0.6
18181,42.5,88.0,0.4,0.7
18183,41.8,93.7,0.2,1.2
19001,42.6,94.9,1.4,1.1
19003,46.6,95.4,0.4,3.0
19005,43.1,90.4,1.8,1.3
19007,45.5,95.1,1.0,1.5
19009,47.4,95.2,0.3,0.9
19011,43.3,95.3,0.4,0.6
19013,35.7,80.4,9.6,1.7
19015,42.2,94.4,1.3,0.7
19017,38.6,93.2,1.1,0.5
19019,39.9,96.4,0.7,0.6
19021,35.7,65.9,3.1,0.7
19023,43.7,95.3,0.2,0.7
19025,42.7,92.5,1.5,1.0
19027,41.8,93.6,0.8,0.8
19029,44.0,96.1,0.9,1.1
19031,43.8,95.4,0.5,0.5
19033,43.9,91.0,2.2,0.9
19035,44.5,90.9,2.2,0.7
19037,43.5,95.4,0.7,0.5
19039,38.4,85.9,0.0,2.3
19041,41.8,94.6,0.5,1.4
19043,46.4,95.9,0.7,0.5
19045,42.5,90.3,2.9,1.1
19047,37.9,70.1,1.9,1.4
19049,35.8,84.9,2.5,0.8
19051,36.2,95.7,0.0,1.7
19053,36.2,92.9,1.6,1.0
19055,44.0,95.6,0.0,1.5
19057,42.2,86.3,4.2,0.9
19059,48.1,94.5,0.1,0.5
19061,38.8,89.9,2.9,0.5
19063,43.3,88.6,2.2,0.4
19065,43.7,92.7,0.8,1.4
19067,44.2,90.4,1.2,0.5
19069,41.9,87.0,0.6,1.7
19071,46.4,93.5,0.6,0.9
19073,44.8,93.8,0.1,1.9
19075,41.5,96.1,0.7,0.4
19077,46.5,93.9,0.5,0.8
19079,42.2,87.4,1.2,1.0
19081,44.6,93.7,0.9,0.6
19083,45.2,92.1,1.0,2.6
19085,41.9,96.2,0.1,0.7
19087,40.5,88.0,2.7,2.5
19089,39.3,93.8,0.1,1.6
19091,41.8,91.9,0.3,0.8
19093,42.3,94.2,0.9,1.4
19095,42.2,94.9,0.6,0.5
19097,44.2,95.9,0.8,0.6
19099,41.4,92.8,1.6,0.7
19101,43.5,84.6,5.9,2.1
19103,30.8,77.6,7.6,1.3
19105,43.0,92.4,2.0,1.3
19107,42.8,95.9,0.7,1.0
19109,45.0,93.1,0.6,0.6
19111,43.7,91.6,2.8,0.9
19113,38.5,84.6,5.8,1.2
19115,41.8,82.5,0.6,3.4
19117,43.3,96.0,0.2,0.8
19119,38.1,94.6,0.3,0.8
19121,41.0,95.7,1.3,0.7
19123,39.1,93.2,1.5,1.0
19125,39.7,94.8,0.5,0.4
19127,38.7,74.6,1.9,1.9
19129,42.6,94.4,0.4,1.6
19131,42.2,96.8,0.4,0.3
19133,44.7,94.3,0.2,2.7
19135,42.1,95.3,0.2,2.2
19137,43.8,93.3,0.6,0.9
19139,39.1,82.1,2.9,1.1
19141,39.8,89.9,1.3,0.6
19143,43.5,89.7,0.8,1.6
19145,45.0,92.6,1.8,1.7
19147,41.5,92.6,1.7,0.9
19149,41.1,90.5,2.4,1.0
19151,43.9,91.7,1.1,0.9
19153,36.2,77.8,7.5,1.2
19155,40.1,89.0,1.8,1.4
19157,40.8,91.6,1.3,0.7
19159,44.6,95.9,0.2,2.6
19161,45.3,95.0,0.6,0.5
19163,39.0,80.7,7.1,1.1
19165,45.1,93.2,0.5,1.2
19167,34.0,87.8,0.6,1.3
19169,27.0,82.8,2.7,1.0
19171,41.8,81.5,1.2,8.8
19173,43.6,92.1,0.1,1.8
19175,40.6,94.2,0.5,0.6
19177,44.8,95.8,0.2,1.3
19179,39.9,82.7,3.4,2.4
19181,38.7,93.8,0.7,1.2
19183,40.3,91.3,0.6,1.1
19185,42.0,94.6,0.4,0.5
19187,39.8,86.9,3.2,1.3
19189,41.7,90.8,0.9,0.3
19191,42.2,94.4,0.7,0.9
19193,36.2,74.1,4.6,3.1
19195,44.3,94.7,0.9,0.5
19197,39.8,83.6,0.2,2.8
20001,41.3,91.1,1.9,2.6
20003,40.4,92.1,0.9,4.1
20005,36.4,87.5,4.3,1.6
20007,42.6,92.8,0.2,3.8
20009,38.8,83.6,0.7,3.1
20011,38.8,90.5,2.2,2.3
20013,42.0,83.3,1.4,11.0
20015,38.3,88.3,2.2,2.6
20017,44.5,89.0,1.2,2.9
20019,45.3,83.3,0.9,9.8
20021,42.0,87.6,0.8,7.5
20023,39.8,88.6,0.0,3.3
20025,46.5,85.3,0.0,4.7
20027,43.1,94.3,2.3,1.3
20029,39.4,92.1,0.8,1.1
20031,44.0,93.7,0.5,2.0
20033,50.8,96.5,0.3,1.7
20035,38.1,82.6,2.3,4.4
20037,33.8,88.5,2.2,2.7
20039,52.1,92.7,1.7,0.8
20041,42.1,91.8,0.3,2.1
20043,41.3,90.7,3.1,2.7
20045,31.3,79.2,4.2,4.3
20047,44.3,83.0,0.1,3.6
20049,49.6,90.8,0.1,4.3
20051,32.5,90.1,1.8,1.1
20053,43.7,86.8,3.1,3.6
20055,32.1,53.5,4.5,1.7
20057,31.9,56.3,3.1,3.2
20059,40.1,91.1,0.9,2.3
20061,27.1,60.5,16.2,3.0
20063,41.7,95.6,0.2,2.0
20065,46.1,90.9,3.7,3.2
20067,32.9,66.2,0.2,7.3
20069,36.6,92.2,0.0,1.0
20071,39.9,88.0,0.2,2.3
20073,48.4,92.9,0.6,4.8
20075,36.4,67.0,0.0,1.3
20077,40.8,90.7,0.8,3.0
20079,40.2,85.3,1.1,2.9
20081,38.0,70.9,0.2,2.5
20083,45.9,95.2,0.1,1.8
20085,41.0,84.5,0.9,9.5
20087,43.8,93.2,0.7,2.3
20089,50.3,93.1,0.8,1.2
20091,38.3,80.2,4.9,1.4
20093,37.5,75.3,1.2,1.5
20095,43.4,93.1,0.3,4.2
20097,41.2,90.3,0.8,1.5
20099,41.4,85.2,3.4,4.9
20101,48.9,90.1,0.3,2.2
20103,38.3,80.5,7.4,2.5
20105,44.1,93.9,0.2,1.1
20107,45.5,93.6,0.8,2.6
20109,41.1,90.8,0.0,4.2
20111,33.1,75.0,1.6,3.2
20113,39.1,93.0,1.7,1.2
20115,43.7,93.3,1.2,1.9
20117,42.6,94.9,0.7,1.2
20119,37.5,80.6,1.3,1.9
20121,41.8,92.0,1.1,2.3
20123,43.3,93.9,0.2,3.3
20125,40.3,79.4,4.3,7.3
20127,48.7,92.8,0.2,3.5
20129,43.7,78.1,1.3,2.2
20131,40.0,95.0,0.6,1.6
20133,40.3,91.8,1.4,3.1
20135,46.1,80.6,0.0,4.7
20137,40.2,89.6,2.7,4.2
20139,42.8,93.7,0.5,1.8
20141,46.8,92.9,0.4,2.2
20143,42.5,93.7,0.7,1.0
20145,44.9,87.5,6.8,2.7
20147,44.6,94.2,0.5,1.3
20149,36.2,90.1,1.7,1.5
20151,38.2,88.8,2.1,3.8
20153,47.0,93.6,0.0,3.0
20155,40.7,87.0,2.3,2.4
20157,46.0,95.0,0.6,1.8
20159,39.0,80.5,1.9,2.9
20161,25.2,77.9,6.3,2.3
20163,46.0,92.9,2.7,1.2
20165,46.0,90.4,0.4,2.9
20167,45.3,90.4,0.0,3.5
20169,39.8,84.8,3.7,1.7
20171,39.3,84.7,0.0,1.2
20173,35.9,71.2,7.9,3.1
20175,31.0,40.5,2.7,2.4
20177,39.6,76.1,7.6,2.8
20179,43.4,93.1,0.1,0.9
20181,38.9,81.7,3.9,3.2
20183,50.0,94.2,0.8,2.5
20185,42.1,86.7,0.2,3.7
20187,36.5,73.5,0.0,6.4
20189,38.0,68.1,0.1,2.1
20191,41.2,89.9,1.1,3.7
20193,35.3,92.5,1.3,0.4
20195,47.7,96.1,0.1,0.4
20197,43.2,91.8,0.3,3.7
20199,47.2,90.8,0.7,1.7
20201,43.9,92.9,0.2,0.5
20203,38.7,75.1,0.2,2.8
20205,42.3,93.7,0.2,4.1
20207,49.9,92.7,0.1,4.3
20209,34.2,46.5,19.3,3.7
21001,40.1,91.3,1.8,0.9
21003,40.7,95.4,0.5,2.1
21005,42.1,93.2,2.8,0.9
21007,44.2,92.0,3.6,1.3
21009,40.1,88.8,3.7,1.1
21011,39.0,95.5,1.8,0.6
21013,41.2,93.4,2.2,1.2
21015,37.7,85.3,3.8,1.0
21017,42.0,86.1,4.8,1.2
21019,42.4,93.0,2.1,0.7
21021,39.5,84.1,7.6,0.8
21023,42.0,95.4,1.2,1.6
21025,43.0,96.5,0.5,0.5
21027,42.2,94.4,1.6,0.9
21029,41.3,92.3,1.2,1.1
21031,41.1,94.0,0.2,1.7
21033,42.3,91.0,5.0,0.7
21035,35.4,89.5,3.8,1.0
21037,39.0,91.5,2.8,0.7
21039,43.6,92.4,1.4,1.2
21041,38.5,87.0,2.3,1.2
21043,41.8,95.6,0.5,0.8
21045,41.5,95.7,0.5,0.7
21047,28.6,67.7,19.3,1.3
21049,40.8,89.7,4.3,1.1
21051,40.6,92.2,4.7,0.8
21053,42.5,95.0,0.0,2.0
21055,42.8,96.2,0.5,1.0
21057,45.1,93.1,1.6,1.7
21059,38.7,86.7,4.4,1.5
21061,45.3,94.9,0.7,1.0
21063,44.4,93.7,3.0,2.0
21065,44.3,96.4,0.1,0.7
21067,35.2,69.9,14.4,1.0
21069,41.0,95.1,1.1,0.4
21071,43.1,96.6,0.6,0.5
21073,40.6,81.7,9.2,1.1
21075,41.2,69.6,24.3,1.3
21077,39.7,89.1,2.7,1.0
21079,42.9,92.5,2.2,0.7
21081,36.4,92.8,0.8,0.6
21083,40.0,86.5,4.1,1.1
21085,40.3,95.8,1.0,0.8
21087,45.2,95.9,1.2,0.7
21089,43.9,95.4,0.6,0.9
21091,41.5,94.5,1.1,1.8
21093,37.4,76.7,11.6,1.8
21095,41.2,94.3,1.5,1.9
21097,42.4,94.0,1.9,1.5
21099,40.6,91.3,4.6,0.8
21101,41.0,85.8,6.8,1.8
21103,41.6,91.0,2.7,1.2
21105,46.4,86.4,9.2,0.7
21107,41.3,88.0,6.1,1.5
21109,40.6,96.9,0.2,0.9
21111,38.4,65.3,22.0,1.2
21113,38.7,88.2,4.0,0.9
21115,42.0,95.4,0.6,0.7
21117,37.8,87.1,4.2,0.8
21119,44.4,96.7,1.0,0.6
21121,39.8,95.7,0.8,0.9
21123,41.3,91.3,2.2,1.7
21125,39.9,95.8,0.5,1.1
21127,42.0,97.3,0.0,0.7
21129,43.4,94.5,2.1,2.2
21131,42.2,96.9,0.5,1.3
21133,43.3,97.3,0.7,0.7
21135,42.1,97.0,0.0,0.1
21137,41.9,93.0,1.7,1.1
21139,45.7,95.6,0.3,1.2
21141,40.6,89.4,4.6,2.5
21143,47.8,88.5,6.9,1.0
21145,42.4,82.5,10.0,1.0
21147,38.7,90.1,6.9,1.6
21149,43.2,95.8,0.8,0.9
21151,34.7,89.4,3.5,1.2
21153,41.9,98.1,0.1,1.1
21155,39.6,88.2,7.2,0.6
21157,44.9,96.2,0.7,0.6
21159,40.3,88.0,7.5,0.8
21161,42.3,87.4,6.2,1.9
21163,39.3,90.0,3.5,1.6
21165,45.1,97.1,0.2,0.8
21167,42.8,91.1,3.6,1.0
21169,41.9,94.1,2.2,0.7
21171,41.3,93.6,2.6,0.5
21173,40.6,92.5,2.6,0.9
21175,41.8,90.4,4.1,0.8
21177,42.8,92.5,2.1,0.9
21179,39.7,90.8,5.3,1.1
21181,38.9,96.6,1.0,1.6
21183,40.9,92.7,1.1,1.0
21185,39.7,87.6,3.7,1.1
21187,42.5,94.3,0.4,0.8
21189,47.9,93.3,0.0,0.5
21191,41.7,93.1,0.7,0.8
21193,41.4,94.4,1.0,2.0
21195,42.9,95.1,0.6,0.6
21197,39.3,93.8,1.7,1.1
21199,42.2,94.6,0.9,1.0
21201,39.7,95.0,2.1,1.6
21203,42.8,96.6,0.6,1.0
21205,31.2,95.3,1.8,0.8
21207,42.2,92.8,1.0,1.1
21209,36.4,85.8,4.8,1.2
21211,40.9,81.3,4.7,2.9
21213,39.0,84.5,7.0,3.8
21215,43.3,94.3,1.0,1.9
21217,37.7,90.0,4.6,1.6
21219,36.3,85.7,7.2,0.8
21221,46.6,87.3,6.4,1.3
21223,40.9,93.5,0.8,0.6
21225,41.3,88.9,8.1,0.7
21227,33.4,77.7,8.6,1.1
21229,42.2,88.1,5.2,3.6
21231,43.4,92.4,1.4,0.9
21233,39.6,88.6,4.3,0.4
21235,35.4,95.8,1.1,0.9
21237,41.5,96.1,0.2,1.1
21239,42.3,87.8,4.0,0.9
22001,37.0,77.4,15.7,1.9
22003,38.9,70.1,19.5,3.8
22005,36.4,65.3,22.9,1.4
22007,42.0,65.5,28.6,1.1
22009,38.2,64.3,26.5,4.2
22011,36.9,80.1,11.0,1.8
22013,42.5,54.3,41.4,1.5
22015,36.2,65.1,23.8,1.4
22017,39.2,43.8,49.1,1.1
22019,37.2,67.0,23.7,1.5
22021,40.7,77.8,18.2,0.1
22023,43.0,85.7,1.2,10.5
22025,38.8,63.5,34.7,0.4
22027,41.9,44.9,48.8,0.4
22029,37.7,57.0,38.9,1.0
22031,40.1,60.3,35.0,2.0
22033,34.2,43.2,44.3,1.1
22035,35.7,29.4,64.9,1.4
22037,44.6,54.7,39.9,2.8
22039,37.7,65.7,25.7,1.3
22041,39.1,66.6,28.7,3.8
22043,38.5,78.2,14.8,1.9
22045,37.8,57.3,30.7,2.1
22047,40.3,48.2,45.3,2.0
22049,41.5,66.9,25.5,3.4
22051,39.9,52.7,26.0,2.2
22053,37.4,77.3,14.7,1.2
22055,36.4,64.0,25.4,0.8
22057,39.0,76.4,13.2,4.6
22059,38.6,80.8,11.3,1.5
22061,28.6,53.6,37.0,3.1
22063,36.4,83.3,8.3,1.2
22065,34.6,33.8,62.9,0.8
22067,40.3,47.9,48.1,1.4
22069,33.3,51.0,40.0,2.5
22071,38.4,31.6,55.2,1.6
22073,36.6,56.7,37.1,1.0
22075,36.8,61.8,22.4,3.0
22077,43.2,61.2,32.3,1.8
22079,37.8,61.2,31.1,1.9
22081,40.4,57.4,40.2,0.7
22083,39.8,60.6,36.1,0.8
22085,41.3,67.2,14.4,12.7
22087,35.8,61.6,23.8,2.4
22089,39.1,65.0,22.9,2.7
22091,42.4,46.5,50.2,1.9
22093,40.8,49.7,48.4,0.5
22095,38.5,32.3,56.2,0.9
22097,37.5,53.4,40.3,1.1
22099,39.7,64.8,28.6,1.3
22101,39.7,56.1,29.1,2.8
22103,40.4,75.0,12.2,2.0
22105,35.7,62.0,29.9,0.9
22107,47.4,41.6,53.3,0.5
22109,37.3,65.4,19.3,7.8
22111,43.5,69.7,24.8,0.9
22113,39.4,78.4,13.0,0.7
22115,32.1,74.4,13.1,2.3
22117,41.0,65.2,29.7,1.1
22119,41.2,62.9,33.4,1.0
22121,36.6,54.3,40.5,0.7
22123,41.4,80.6,15.4,0.4
22125,42.2,50.5,45.6,1.7
22127,41.6,63.7,28.8,1.2
23001,40.8,88.7,4.7,1.8
23003,48.4,93.4,0.8,2.8
23005,42.1,87.6,3.3,1.0
23007,46.1,94.4,0.6,1.6
23009,49.1,93.9,0.9,1.2
23011,44.0,93.4,0.8,1.6
23013,49.2,94.7,0.4,1.4
23015,51.1,94.0,0.5,1.1
23017,48.3,93.7,0.3,1.5
23019,42.5,92.1,1.0,2.3
23021,51.4,93.4,0.8,1.5
23023,47.3,93.5,0.5,1.0
23025,46.9,95.1,0.5,1.4
23027,46.9,93.9,0.6,1.3
23029,48.6,88.5,1.0,6.7
23031,45.3,91.4,1.1,1.3
24001,41.7,87.3,7.1,0.8
24003,39.0,65.1,17.7,1.7
24005,39.5,54.1,30.3,1.2
24009,40.5,76.5,12.2,1.4
24011,39.8,74.1,13.8,2.7
24013,41.3,87.2,4.0,0.7
24015,40.8,83.1,7.1,1.0
24017,38.8,35.4,49.2,3.0
24019,43.9,61.9,25.3,1.5
24021,38.9,70.3,10.3,1.3
24023,48.1,95.5,0.8,1.2
24025,40.5,74.1,14.5,1.1
24027,39.4,48.9,20.0,1.3
24029,48.4,77.7,14.2,0.9
24031,40.1,44.4,18.6,1.5
24033,38.5,13.2,59.8,1.9
24035,44.8,84.3,6.0,0.9
24037,37.0,72.3,14.8,1.7
24039,38.1,52.2,39.5,3.4
24041,51.1,75.7,12.0,1.7
24043,41.0,76.8,11.5,1.1
24045,36.2,60.6,26.5,1.1
24047,50.7,79.5,12.2,0.8
24510,36.1,27.4,60.0,1.3
25001,55.1,87.0,2.7,1.4
25003,47.8,87.3,2.5,1.2
25005,40.9,78.6,4.4,1.2
25007,50.4,81.7,3.3,1.9
25009,41.1,70.3,4.1,1.0
25011,47.3,89.4,1.4,1.3
25013,39.8,67.4,8.7,1.3
25015,38.7,83.3,2.3,0.8
25017,38.9,69.0,5.0,0.8
25019,40.8,70.8,9.3,0.0
25021,40.9,71.4,7.2,0.6
25023,42.9,78.0,8.8,0.9
25025,33.8,48.1,19.1,1.3
25027,40.3,75.5,5.1,1.1
26001,59.7,94.3,0.3,2.1
26003,48.8,82.1,7.9,6.6
26005,40.8,89.3,1.2,1.5
26007,47.6,93.3,0.9,1.4
26009,51.8,93.9,0.4,2.4
26011,50.1,93.9,0.6,2.4
26013,46.2,72.6,6.8,18.4
26015,42.0,93.6,0.5,1.4
26017,43.8,91.9,1.4,1.7
26019,50.6,92.1,0.5,2.8
26021,42.6,75.0,13.5,1.8
26023,40.8,89.3,1.9,1.6
26025,40.2,77.4,10.1,2.1
26027,45.5,86.1,4.3,2.2
26029,50.0,93.7,0.5,2.6
26031,51.9,90.3,0.9,5.1
26033,41.3,68.0,5.8,20.2
26035,48.3,94.4,0.6,2.5
26037,41.8,89.6,1.7,1.3
26039,51.5,93.2,0.3,1.4
26041,47.8,90.7,0.3,4.3
26043,47.4,93.3,0.8,1.8
26045,41.2,82.5,7.0,1.5
26047,46.4,90.4,0.7,5.1
26049,40.6,72.6,19.4,1.7
26051,50.8,94.4,0.3,1.3
26053,51.3,92.0,0.9,4.0
26055,43.1,92.5,0.9,2.2
26057,39.7,87.4,5.5,1.2
26059,42.8,94.4,0.7,1.3
26061,32.3,91.8,1.1,1.4
26063,49.4,94.3,0.4,0.9
26065,33.3,70.4,11.8,1.7
26067,38.8,87.6,3.8,3.0
26069,53.5,92.4,0.9,2.0
26071,53.2,93.3,0.8,2.1
26073,29.8,85.3,2.8,5.2
26075,41.2,83.9,7.7,1.2
26077,34.9,76.8,11.0,1.6
26079,44.0,93.8,0.9,2.0
26081,35.7,73.9,9.5,1.6
26083,56.7,96.0,0.0,2.5
26085,50.3,80.1,8.7,3.0
26087,44.6,91.6,1.2,1.4
26089,55.3,90.4,0.4,4.3
26091,42.2,89.0,2.3,1.7
26093,43.8,94.1,0.5,1.1
26095,44.6,77.6,8.2,11.2
26097,53.3,72.0,4.2,19.6
26099,41.1,76.2,12.5,1.2
26101,50.3,89.3,3.4,3.4
26103,39.2,91.5,1.5,3.2
26105,47.2,92.3,1.1,1.8
26107,40.6,90.9,2.3,2.2
26109,49.9,92.4,0.6,3.9
26111,41.8,90.8,1.4,1.0
26113,42.7,92.5,0.5,1.5
26115,42.6,90.9,2.2,1.3
26117,40.1,89.0,3.2,1.1
26119,56.7,93.9,0.2,3.0
26121,39.9,77.2,12.6,2.0
26123,42.8,89.9,0.7,1.5
26125,41.2,70.6,13.0,1.0
26127,43.9,88.4,0.9,2.0
26129,50.8,94.0,0.6,2.2
26131,59.4,93.5,0.8,2.9
26133,43.8,93.1,1.1,1.9
26135,52.1,94.2,0.4,2.2
26137,44.5,93.7,0.9,1.8
26139,36.3,85.5,1.6,1.2
26141,56.2,95.7,0.3,1.4
26143,57.4,93.7,0.6,1.6
26145,41.1,71.7,18.9,1.2
26147,44.3,91.6,2.3,1.3
26149,39.8,87.2,2.2,1.8
26151,45.3,93.8,0.4,1.1
26153,52.1,84.3,0.6,12.6
26155,43.1,94.8,0.6,1.2
26157,44.6,93.6,1.1,1.5
26159,41.2,81.9,3.5,2.3
26161,34.8,69.9,11.6,1.3
26163,37.8,50.0,37.2,1.5
26165,42.2,92.4,1.0,1.6
27001,56.5,93.5,0.7,3.1
27003,38.8,77.2,8.3,1.7
27005,43.2,86.2,0.8,9.9
27007,35.1,70.9,1.4,23.5
27009,36.7,87.3,3.9,3.8
27011,47.4,94.9,0.2,1.0
27013,31.5,86.8,4.6,0.8
27015,42.4,94.2,0.8,0.5
27017,41.7,88.0,2.1,7.1
27019,38.9,87.8,1.5,1.0
27021,49.7,81.7,0.4,12.7
27023,41.8,85.2,0.9,2.1
27025,40.8,91.7,1.2,1.4
27027,33.5,86.3,4.8,2.6
27029,41.8,84.5,0.2,12.8
27031,52.3,85.1,0.5,10.6
27033,41.3,82.8,1.8,1.2
27035,45.4,94.2,0.6,1.6
27037,38.4,76.0,7.3,1.4
27039,38.5,91.3,1.0,0.8
27041,44.3,95.2,0.5,0.9
27043,44.6,89.8,0.6,1.2
27045,42.3,95.3,0.6,0.5
27047,43.9,84.9,1.3,1.4
27049,42.3,90.3,1.6,1.9
27051,43.7,94.1,0.5,1.3
27053,37.4,67.6,13.3,2.0
27055,45.0,94.0,0.4,0.9
27057,48.3,91.1,0.5,3.8
27059,40.1,92.5,1.0,1.6
27061,46.9,89.4,0.7,5.1
27063,44.5,92.0,0.6,1.1
27065,44.5,94.5,0.5,1.9
27067,39.8,81.1,5.6,0.9
27069,48.4,93.8,0.6,1.1
27071,50.5,90.2,0.6,3.9
27073,47.7,93.9,0.6,0.7
27075,49.6,95.5,0.4,2.1
27077,50.8,90.7,0.3,5.2
27079,41.4,91.6,0.9,0.8
27081,45.0,95.5,0.2,1.8
27083,37.3,83.5,2.5,1.1
27085,41.5,91.3,0.5,1.0
27087,35.2,45.3,0.2,52.3
27089,43.2,93.2,0.3,1.2
27091,44.5,93.1,0.8,0.9
27093,42.3,94.4,0.2,1.1
27095,41.2,89.3,0.3,6.3
27097,42.2,95.3,0.3,0.9
27099,38.9,78.9,3.5,0.8
27101,46.6,91.2,0.6,0.8
27103,37.8,87.5,3.5,1.1
27105,36.3,61.0,5.2,3.5
27107,43.9,89.8,1.1,3.9
27109,37.8,78.7,7.2,0.7
27111,46.3,91.8,1.0,1.2
27113,40.2,91.0,1.2,2.1
27115,45.8,89.6,2.3,4.4
27117,39.8,87.1,1.9,2.5
27119,39.5,87.0,2.2,3.4
27121,45.6,94.6,0.6,1.3
27123,35.9,60.7,12.2,2.0
27125,42.8,92.5,0.6,4.1
27127,41.1,86.4,0.6,6.3
27129,42.1,87.5,0.9,1.7
27131,37.1,80.3,6.5,1.5
27133,41.1,94.2,0.2,1.3
27135,42.3,89.5,1.0,2.8
27137,41.3,90.5,1.6,3.4
27139,37.3,78.6,5.2,1.8
27141,36.9,87.8,3.7,1.7
27143,42.2,89.4,1.0,0.7
27145,35.0,82.9,8.4,0.9
27147,40.2,86.9,3.5,1.1
27149,33.6,83.1,1.8,2.7
27151,43.4,90.0,0.7,1.2
27153,42.8,87.9,0.7,0.7
27155,45.5,87.0,0.5,9.0
27157,44.8,95.4,0.4,0.8
27159,40.1,91.3,0.7,1.7
27161,40.4,89.5,1.1,2.5
27163,39.9,79.7,4.9,1.1
27165,40.6,78.9,0.0,0.6
27167,42.0,92.6,0.2,2.8
27169,36.1,90.8,1.7,1.0
27171,37.4,89.4,1.9,1.0
27173,42.0,88.8,0.7,5.4
28001,42.1,38.4,55.5,0.7
28003,40.6,80.9,10.9,2.8
28005,48.8,58.3,40.1,0.6
28007,39.6,52.3,45.4,1.0
28009,43.9,60.8,34.2,1.0
28011,36.6,30.7,63.2,0.3
28013,43.1,64.3,28.7,0.6
28015,47.7,63.2,34.5,0.2
28017,39.0,50.3,44.5,0.5
28019,43.0,67.6,29.3,0.5
28021,33.8,10.9,86.2,1.0
28023,42.6,63.3,34.4,0.9
28025,40.1,37.9,60.1,1.1
28027,35.7,19.5,75.9,1.6
28029,39.8,43.2,50.7,0.9
28031,37.7,60.4,34.6,1.6
28033,37.0,59.5,32.0,0.7
28035,31.8,57.2,35.8,0.8
28037,42.7,62.6,35.0,0.9
28039,36.2,86.4,7.8,1.5
28041,40.5,71.7,24.8,1.6
28043,38.9,51.1,44.8,0.6
28045,45.7,84.4,6.8,1.8
28047,38.1,63.1,24.1,1.7
28049,36.6,23.6,72.4,0.8
28051,35.8,14.2,82.4,1.0
28053,38.4,20.3,78.8,0.3
28055,49.5,26.6,70.1,1.6
28057,39.4,89.6,7.8,0.6
28059,39.7,68.3,20.5,1.2
28061,42.4,45.2,53.2,0.5
28063,43.0,13.2,81.2,4.6
28065,45.7,38.1,60.2,0.5
28067,37.6,65.4,28.7,1.4
28069,40.7,33.7,60.4,4.7
28071,30.9,69.8,23.1,0.5
28073,37.5,72.8,21.6,0.6
28075,39.5,51.6,42.0,1.1
28077,40.7,64.3,31.8,0.9
28079,40.0,46.7,39.1,6.5
28081,37.7,63.4,29.9,1.0
28083,34.5,21.4,74.5,0.2
28085,41.2,67.8,30.3,0.5
28087,37.0,50.2,44.0,1.3
28089,38.5,55.5,37.3,0.4
28091,40.7,63.9,32.1,0.7
28093,41.8,47.2,43.7,2.6
28095,41.6,67.3,30.2,0.5
28097,42.4,52.3,45.2,1.5
28099,37.7,57.8,21.4,17.7
28101,37.8,58.9,31.8,3.4
28103,39.9,25.4,73.8,0.3
28105,25.5,55.8,36.2,1.1
28107,39.7,47.0,48.1,0.5
28109,41.1,80.4,12.3,2.0
28111,42.9,77.6,15.8,0.7
28113,37.1,42.0,54.1,1.0
28115,35.7,75.2,14.8,0.7
28117,37.9,80.1,11.4,1.6
28119,41.0,25.0,72.2,0.6
28121,39.4,72.1,21.6,0.7
28123,37.2,50.3,33.5,0.8
28125,36.6,25.6,73.7,0.0
28127,41.0,61.2,35.5,0.5
28129,42.9,73.8,24.1,0.3
28131,39.3,76.6,18.0,1.0
28133,37.6,23.4,73.0,0.5
28135,38.4,36.2,62.1,1.0
28137,38.5,66.5,29.9,0.5
28139,39.7,76.0,14.7,1.6
28141,43.5,91.6,1.2,2.2
28143,34.7,18.2,79.6,0.1
28145,38.4,76.9,16.1,0.6
28147,41.4,53.1,40.8,1.9
28149,40.3,46.7,49.0,1.1
28151,38.3,24.3,72.2,0.3
28153,39.1,56.7,37.1,0.7
28155,40.3,79.0,18.6,0.4
28157,39.1,28.2,67.2,1.0
28159,42.3,49.7,47.2,1.4
28161,42.4,58.9,36.7,2.4
28163,38.4,39.3,58.1,0.7
29001,29.8,88.9,4.2,1.0
29003,42.1,93.8,0.9,1.1
29005,47.7,94.3,0.4,0.7
29007,40.3,89.1,4.7,1.5
29009,43.0,81.9,0.3,4.1
29011,40.6,92.1,0.2,4.2
29013,40.8,93.2,2.1,1.8
29015,54.4,93.1,0.9,2.2
29017,44.3,94.5,0.6,2.2
29019,32.2,77.9,9.5,1.1
29021,38.9,82.3,5.7,1.6
29023,40.5,87.4,4.6,1.7
29025,42.7,93.1,1.2,1.9
29027,39.3,89.3,3.4,1.8
29029,53.0,93.7,0.9,1.4
29031,37.0,85.4,8.1,1.2
29033,43.7,94.3,1.5,0.8
29035,39.6,93.0,0.6,3.2
29037,40.1,85.6,4.5,1.7
29039,44.5,93.8,0.4,3.4
29041,45.2,93.4,2.7,1.0
29043,39.3,92.3,0.8,1.7
29045,43.5,95.7,0.4,1.6
29047,37.6,80.1,6.8,1.6
29049,42.1,93.2,0.7,1.6
29051,39.7,81.0,11.2,1.2
29053,39.9,88.6,5.6,1.4
29055,42.3,93.9,0.6,1.6
29057,46.7,93.5,0.4,4.1
29059,42.5,95.2,0.2,3.6
29061,40.6,96.0,0.9,1.2
29063,42.3,88.3,6.6,2.0
29065,43.8,92.2,0.6,2.4
29067,46.6,92.8,0.9,3.1
29069,39.5,79.0,7.9,4.0
29071,41.4,89.8,0.8,1.2
29073,46.3,95.5,0.9,1.3
29075,40.5,96.1,0.4,0.5
29077,36.4,86.7,2.9,1.9
29079,39.7,93.6,0.5,1.1
29081,40.9,96.0,0.8,1.3
29083,44.1,93.0,0.7,1.8
29085,55.2,95.0,0.1,3.2
29087,47.8,94.8,0.8,2.5
29089,38.3,87.5,5.3,2.5
29091,40.1,93.2,0.4,1.9
29093,45.3,92.7,0.8,1.9
29095,36.9,62.7,22.5,1.8
29097,36.6,85.2,1.8,3.5
29099,40.2,90.0,1.1,1.0
29101,31.3,86.2,3.7,2.1
29103,39.8,95.3,0.9,0.2
29105,39.6,91.5,0.7,2.1
29107,40.9,91.6,1.7,1.4
29109,39.0,89.2,0.3,2.7
29111,38.2,92.2,3.0,2.3
29113,37.5,92.6,1.9,1.1
29115,42.4,95.1,0.7,0.8
29117,39.9,92.1,3.0,1.2
29119,38.1,72.0,1.9,5.0
29121,42.9,92.3,2.4,0.9
29123,41.4,94.2,0.4,2.4
29125,45.4,93.5,0.2,2.8
29127,39.4,89.6,5.2,1.9
29129,40.8,92.7,0.3,1.7
29131,40.8,95.2,1.2,1.6
29133,42.2,71.9,22.7,1.1
29135,38.0,91.1,2.4,1.3
29137,45.8,92.9,4.0,1.0
29139,43.8,93.3,1.9,2.0
29141,45.4,93.4,0.2,3.1
29143,41.8,76.5,12.7,4.0
29145,40.2,82.2,0.9,5.1
29147,33.9,93.1,2.0,0.6
29149,44.6,93.7,0.1,4.1
29151,40.8,97.8,0.2,1.7
29153,51.9,94.2,0.4,3.3
29155,38.9,66.3,24.9,1.1
29157,41.6,94.5,0.8,0.8
29159,37.9,85.7,2.5,1.6
29161,36.2,87.1,2.0,1.7
29163,39.7,89.4,4.8,1.8
29165,38.7,79.7,7.6,1.7
29167,38.9,93.0,0.8,1.9
29169,27.5,72.7,10.5,2.8
29171,45.6,96.4,0.1,1.6
29173,45.8,93.4,1.9,0.8
29175,40.1,88.9,5.0,1.2
29177,42.2,93.2,1.2,2.1
29179,46.1,91.8,1.5,3.1
29181,41.4,93.7,0.2,2.2
29183,39.6,85.0,5.1,0.9
29185,47.2,93.6,0.8,2.1
29186,43.2,94.2,1.6,1.1
29187,39.2,91.3,3.0,2.1
29189,40.2,63.0,24.2,1.1
29195,35.4,79.8,4.7,3.2
29197,38.8,94.6,0.1,0.7
29199,36.3,96.7,0.1,0.9
29201,39.4,82.5,11.2,1.1
29203,45.5,92.7,0.2,5.3
29205,43.6,94.4,1.2,0.9
29207,41.9,93.8,1.0,1.4
29209,54.4,94.3,0.3,1.9
29211,44.2,83.4,2.5,1.3
29213,42.0,86.9,1.7,1.8
29215,42.8,90.1,2.2,4.1
29217,41.7,94.6,0.8,1.8
29219,40.8,90.1,2.1,2.5
29221,40.2,92.3,1.9,1.2
29223,48.2,93.6,0.4,3.1
29225,36.9,92.5,1.1,1.7
29227,49.0,96.8,0.1,1.7
29229,41.2,93.2,0.2,2.7
29510,36.6,45.7,43.1,1.3
30001,43.4,92.3,0.6,3.0
30003,32.3,28.7,0.0,68.3
30005,33.9,44.3,0.4,53.4
30007,46.2,90.2,0.4,4.5
30009,50.5,93.0,0.5,2.7
30011,56.7,92.2,0.1,2.2
30013,38.3,84.7,1.5,6.7
30015,42.9,78.3,0.1,18.4
30017,42.6,91.2,0.4,4.0
30019,48.7,89.6,0.3,3.1
30021,43.5,93.3,0.0,3.2
30023,49.6,90.6,0.3,3.9
30025,37.2,92.8,0.0,5.9
30027,45.3,93.2,0.6,2.7
30029,42.1,91.4,0.3,2.9
30031,33.8,89.7,0.5,2.0
30033,43.9,97.8,1.0,1.0
30035,34.2,30.5,0.2,65.7
30037,54.8,91.5,0.7,4.6
30039,53.9,92.7,0.7,3.6
30041,34.0,68.8,0.3,27.1
30043,47.3,92.8,0.1,3.9
30045,50.9,91.7,0.0,1.9
30047,43.8,65.6,0.2,29.3
30049,41.3,91.5,0.6,3.7
30051,37.5,95.9,0.0,2.2
30053,52.6,91.6,0.1,3.8
30055,52.4,91.3,0.0,6.1
30057,54.1,92.6,0.0,2.5
30059,59.9,94.3,0.9,3.0
30061,50.1,92.7,0.7,3.6
30063,37.0,87.6,0.6,4.5
30065,51.3,88.3,0.0,6.7
30067,46.2,92.1,0.2,3.0
30069,51.5,99.3,0.0,0.0
30071,44.9,83.3,0.4,14.6
30073,41.2,79.3,0.0,18.8
30075,48.6,88.5,0.0,3.4
30077,43.3,88.1,1.2,6.6
30079,49.1,89.8,0.0,1.4
30081,48.9,90.7,0.4,2.9
30083,38.0,90.6,0.2,2.2
30085,30.5,33.2,0.1,64.3
30087,36.7,54.3,0.2,40.9
30089,54.6,89.8,0.5,5.9
30091,44.7,92.2,0.0,4.3
30093,40.3,90.9,0.1,4.7
30095,47.4,93.3,0.1,3.2
30097,44.0,90.6,1.3,4.4
30099,43.0,92.1,0.4,5.0
30101,38.8,84.9,1.8,7.2
30103,53.4,93.7,0.0,0.1
30105,43.2,84.9,0.6,11.5
30107,47.3,95.7,1.3,2.1
30109,44.2,93.6,0.9,0.3
30111,38.7,86.8,0.9,6.1
31001,38.8,85.2,1.4,1.1
31003,42.7,94.9,0.9,0.7
31005,40.5,92.6,0.0,6.5
31007,56.6,92.7,0.0,0.3
31009,56.8,100.0,0.0,0.0
31011,43.2,95.2,0.0,1.9
31013,40.7,84.7,3.4,1.9
31015,54.9,92.3,0.3,3.1
31017,45.9,89.2,0.1,2.2
31019,34.6,87.8,0.9,1.5
31021,44.8,91.6,0.4,3.7
31023,42.7,90.8,0.3,1.4
31025,41.0,92.3,0.2,1.1
31027,41.9,95.9,0.2,0.9
31029,41.8,85.9,0.4,1.4
31031,43.5,85.6,1.0,8.2
31033,42.0,92.0,2.1,1.5
31035,40.1,90.9,0.7,1.6
31037,35.0,51.7,3.4,9.1
31039,40.8,86.9,0.4,2.0
31041,42.3,94.0,0.5,1.0
31043,32.1,47.7,8.1,5.1
31045,35.2,88.6,1.4,4.5
31047,35.8,62.0,7.0,1.6
31049,50.7,90.3,0.0,2.0
31051,42.1,83.7,0.3,0.8
31053,38.9,86.0,0.5,3.5
31055,35.5,70.8,10.6,1.9
31057,45.6,96.1,0.3,0.5
31059,46.3,94.8,0.3,1.8
31061,49.0,94.3,0.2,2.4
31063,42.8,93.2,1.2,1.5
31065,46.4,94.6,0.3,1.9
31067,42.8,94.8,1.0,1.2
31069,54.1,94.8,0.1,0.8
31071,45.0,97.4,0.4,0.7
31073,49.2,95.0,0.0,1.3
31075,37.8,94.5,0.3,2.4
31077,44.5,92.8,0.6,1.5
31079,36.0,68.2,3.6,1.8
31081,41.3,93.5,0.2,1.4
31083,47.1,94.1,0.2,0.7
31085,48.7,92.7,0.0,0.6
31087,44.7,95.1,0.1,2.1
31089,41.8,93.7,0.3,0.7
31091,44.8,87.1,1.8,1.1
31093,42.3,93.4,0.5,0.7
31095,44.7,93.4,0.6,1.2
31097,40.1,79.9,4.7,2.7
31099,40.3,93.1,0.0,0.6
31101,49.0,88.3,1.3,1.3
31103,49.0,93.8,0.1,0.0
31105,48.5,87.1,1.3,5.3
31107,44.5,86.1,0.6,10.5
31109,34.3,82.3,3.8,1.9
31111,42.4,89.5,0.8,1.7
31113,44.8,90.1,1.6,4.2
31115,47.1,86.2,0.0,0.9
31117,46.6,99.4,0.0,0.4
31119,37.1,81.4,0.9,3.1
31121,42.8,92.6,0.1,1.7
31123,41.3,85.3,0.1,3.1
31125,43.6,95.1,0.3,2.0
31127,39.0,90.3,1.2,1.9
31129,50.5,94.3,0.2,3.2
31131,41.8,88.3,0.8,1.2
31133,47.1,95.4,0.2,2.6
31135,41.0,91.7,0.0,1.0
31137,40.7,92.8,0.8,1.1
31139,39.7,95.3,0.4,1.2
31141,38.4,79.6,0.8,1.0
31143,43.7,92.2,0.1,2.4
31145,41.2,90.2,0.8,1.8
31147,45.9,91.6,1.2,6.4
31149,45.2,98.5,0.1,0.6
31151,37.4,72.8,0.5,1.0
31153,35.5,81.7,4.1,1.7
31155,40.4,94.1,0.7,0.9
31157,39.8,79.7,0.6,3.5
31159,37.6,95.2,0.7,0.9
31161,46.6,82.1,0.6,13.1
31163,47.9,93.9,0.6,0.9
31165,41.5,94.7,0.3,0.8
31167,42.0,91.1,0.2,2.4
31169,46.2,94.2,0.1,2.1
31171,45.1,88.2,1.3,6.5
31173,28.7,36.9,0.2,58.3
31175,45.4,96.3,0.1,1.6
31177,42.6,94.7,0.2,1.4
31179,31.6,89.7,1.0,2.3
31181,44.6,93.6,0.1,3.1
31183,59.9,97.3,0.0,0.0
31185,39.0,90.3,1.2,1.6
32001,39.8,75.7,2.5,6.0
32003,38.3,47.1,12.1,2.5
32005,54.2,81.9,0.1,4.1
32007,35.4,69.6,0.9,6.4
32009,55.8,88.5,0.3,2.0
32011,50.1,84.7,0.1,3.4
32013,37.6,72.3,0.7,4.9
32015,37.3,82.1,2.5,5.1
32017,43.6,85.6,4.2,6.1
32019,42.9,77.0,1.2,5.1
32021,41.9,59.6,2.9,26.0
32023,52.4,75.3,2.6,2.9
32027,40.9,73.5,4.2,6.3
32029,56.8,87.7,1.9,1.0
32031,38.9,65.5,2.4,3.3
32033,41.7,77.5,7.0,8.3
32510,42.1,72.0,2.0,4.2
33001,48.3,93.8,0.6,0.8
33003,54.2,94.8,0.5,1.4
33005,43.5,92.5,0.8,1.3
33007,49.9,94.3,1.7,1.3
33009,44.0,88.9,1.3,1.2
33011,41.0,83.3,2.6,1.0
33013,42.6,91.4,1.6,1.1
33015,44.8,91.4,0.9,0.7
33017,37.9,89.0,1.2,1.0
33019,47.3,92.3,0.9,1.4
34001,42.2,58.1,13.9,1.5
34003,42.1,58.8,5.7,0.9
34005,41.7,66.0,16.5,1.3
34007,38.8,56.4,18.9,1.4
34009,51.4,87.0,3.4,0.9
34011,37.6,52.0,18.1,3.0
34013,37.7,33.2,36.9,1.1
34015,40.1,77.1,10.7,0.9
34017,35.8,37.0,12.2,1.9
34019,46.2,83.7,2.6,0.5
34021,39.2,49.8,19.2,1.4
34023,39.4,44.2,10.4,1.7
34025,43.2,76.2,6.2,1.1
34027,42.7,71.0,3.3,0.6
34029,41.4,85.0,3.0,0.9
34031,38.1,46.7,10.6,1.0
34033,41.9,74.1,14.2,0.9
34035,41.9,54.1,9.6,1.1
34037,44.1,84.8,2.3,0.9
34039,39.1,41.7,20.5,1.1
34041,43.9,80.1,5.5,0.8
35001,39.3,54.8,3.0,7.7
35003,62.6,85.1,0.4,5.1
35005,36.9,63.9,1.5,2.7
35006,38.4,35.3,2.1,47.2
35007,49.1,67.7,0.6,6.4
35009,31.9,58.1,5.6,3.2
35011,35.1,39.2,0.1,0.1
35013,34.0,48.9,1.7,2.9
35015,35.9,64.9,1.5,3.5
35017,49.0,67.1,0.7,3.6
35019,41.6,43.0,1.7,9.1
35021,43.1,50.5,1.7,0.7
35023,42.3,63.6,0.0,3.2
35025,32.5,52.3,4.0,1.6
35027,52.7,73.2,0.8,4.2
35028,41.1,76.3,1.2,2.1
35029,36.6,54.9,1.9,2.6
35031,34.1,9.8,0.5,80.8
35033,58.5,52.3,0.0,3.7
35035,36.3,60.0,3.6,8.5
35037,48.1,65.1,1.6,6.9
35039,42.4,27.9,0.7,19.5
35041,32.0,70.2,1.0,3.8
35043,41.1,56.1,2.2,15.6
35045,38.0,42.6,0.7,43.0
35047,46.8,50.4,1.6,5.5
35049,48.5,61.9,1.0,5.3
35051,57.3,73.6,0.2,4.7
35053,39.7,52.2,0.2,13.3
35055,51.9,60.6,0.3,8.4
35057,42.5,62.4,2.4,5.5
35059,40.3,69.5,1.0,7.0
35061,39.0,55.8,1.4,7.6
36001,38.3,70.8,12.3,0.9
36003,38.9,93.8,1.7,0.6
36005,35.6,15.8,34.1,2.6
36007,39.4,81.4,5.5,0.9
36009,42.5,89.4,1.5,4.0
36011,43.7,88.5,3.1,0.9
36013,42.7,87.3,2.7,1.2
36015,41.9,85.8,5.9,1.1
36017,44.9,93.7,0.6,1.2
36019,41.5,90.0,3.1,0.9
36021,49.5,84.8,3.2,1.4
36023,36.5,90.5,2.1,1.5
36025,48.8,90.7,1.6,1.1
36027,42.6,70.8,9.9,1.7
36029,40.3,74.6,12.7,1.2
36031,49.5,92.9,2.5,1.1
36033,41.8,84.3,3.4,8.1
36035,44.1,89.9,1.5,0.7
36037,42.4,89.7,1.8,1.6
36039,47.4,85.4,4.4,1.0
36041,57.2,92.0,1.0,1.7
36043,44.6,92.7,1.0,0.7
36045,33.2,83.3,5.0,1.7
36047,36.3,39.3,29.0,1.3
36049,42.0,94.3,0.9,0.6
36051,41.4,90.3,1.9,0.7
36053,42.6,91.4,1.6,0.9
36055,39.5,71.2,14.6,1.1
36057,40.1,83.0,3.1,0.9
36059,41.8,59.4,11.4,0.9
36061,38.9,50.4,14.0,1.5
36063,43.2,83.9,6.6,2.2
36065,40.8,81.5,5.6,0.8
36067,39.5,75.9,10.8,1.7
36069,43.9,89.5,2.3,0.7
36071,36.9,64.3,11.4,2.2
36073,43.6,87.5,4.6,1.0
36075,40.6,92.8,1.1,1.0
36077,40.4,90.1,2.4,0.8
36079,44.2,77.2,3.4,1.1
36081,40.4,28.3,17.4,1.6
36083,40.2,81.4,6.8,0.9
36085,40.4,62.8,9.9,1.1
36087,35.1,64.2,11.0,0.9
36089,39.0,92.1,2.0,1.6
36091,43.4,89.3,1.6,0.8
36093,39.6,70.2,10.8,1.8
36095,45.7,90.1,1.6,0.7
36097,47.4,93.5,1.1,0.9
36099,42.8,89.4,3.8,0.8
36101,43.1,92.3,1.7,0.8
36103,41.7,68.9,7.4,1.2
36105,41.7,71.6,8.7,2.9
36107,44.8,93.6,1.1,0.7
36109,32.8,76.8,4.0,1.6
36111,44.2,76.4,6.1,1.5
36113,46.8,93.3,1.3,0.6
36115,45.0,90.6,2.5,0.6
36117,43.6,88.8,2.4,1.1
36119,41.5,54.7,14.0,1.3
36121,43.1,89.7,3.8,0.7
36123,41.6,95.3,0.7,0.6
37001,38.7,62.8,19.9,1.8
37003,43.8,87.3,4.0,3.4
37005,51.4,91.3,1.5,0.7
37007,42.4,45.3,47.2,1.6
37009,49.8,94.0,1.1,1.0
37011,46.5,88.4,4.2,0.9
37013,47.1,68.8,22.8,1.2
37015,45.9,34.7,60.1,1.8
37017,44.8,54.9,33.6,4.1
37019,56.1,82.3,8.1,2.4
37021,42.4,83.1,5.4,1.2
37023,44.9,81.1,6.1,1.9
37025,37.7,61.9,18.9,1.2
37027,45.5,86.6,4.1,0.8
37029,40.9,79.5,8.3,3.0
37031,50.1,86.7,4.4,2.2
37033,46.2,60.3,31.5,1.3
37035,41.8,75.8,8.0,1.3
37037,47.6,72.5,10.5,0.9
37039,53.3,91.2,1.5,3.0
37041,47.9,60.2,33.2,2.5
37043,54.5,93.1,1.8,1.3
37045,41.2,72.5,18.4,2.0
37047,42.4,60.2,28.7,5.4
37049,39.2,67.4,20.3,1.5
37051,31.8,43.9,37.3,3.6
37053,41.7,85.6,5.1,1.4
37055,48.5,87.3,2.8,1.1
37057,42.3,79.1,9.3,1.2
37059,45.0,84.2,4.0,3.9
37061,40.7,57.5,22.8,1.1
37063,35.8,45.5,33.1,1.8
37065,41.7,37.8,55.9,1.0
37067,38.3,58.2,25.5,1.6
37069,40.9,63.0,23.7,1.7
37071,39.5,70.4,17.6,1.3
37073,47.7,63.5,31.2,1.5
37075,45.5,85.2,0.7,9.9
37077,42.5,57.1,29.5,2.1
37079,39.6,49.3,32.2,4.4
37081,37.4,49.1,34.0,1.7
37083,43.8,37.2,51.9,5.1
37085,35.4,63.0,20.8,2.4
37087,47.8,91.9,1.0,1.5
37089,47.2,84.1,3.3,1.5
37091,42.3,35.2,56.8,2.6
37093,33.7,40.8,33.5,10.0
37095,48.5,60.7,25.0,2.9
37097,40.9,75.5,11.6,1.3
37099,38.9,79.5,2.4,9.3
37101,38.3,66.6,16.6,1.8
37103,48.1,63.4,27.3,1.3
37105,39.9,65.7,18.6,1.7
37107,42.2,50.6,39.7,1.4
37109,44.3,84.7,5.8,0.7
37111,44.3,88.5,3.9,1.1
37113,50.1,88.6,1.2,1.1
37115,44.5,92.0,1.0,1.6
37117,46.7,51.6,41.0,1.2
37119,35.4,46.5,30.5,1.3
37121,48.0,92.1,0.8,1.5
37123,43.6,66.8,16.7,1.9
37125,42.8,78.0,9.6,2.1
37127,41.6,48.2,40.6,1.7
37129,40.1,77.4,11.3,1.4
37131,51.6,39.7,54.9,2.3
37133,27.1,69.2,12.5,3.8
37135,36.2,70.5,10.6,1.4
37137,54.1,74.6,18.6,1.1
37139,39.0,55.6,35.2,1.9
37141,41.8,75.7,12.4,1.5
37143,50.5,70.3,21.8,1.2
37145,43.9,65.7,25.5,2.6
37147,33.6,53.0,35.1,1.1
37149,54.4,87.7,5.1,1.1
37151,41.4,80.2,6.1,1.6
37153,40.3,56.9,31.8,3.5
37155,36.5,24.8,23.3,41.5
37157,44.7,72.6,17.6,1.8
37159,40.5,71.3,15.7,1.8
37161,45.3,83.0,8.1,0.8
37163,39.7,53.2,24.9,3.0
37165,38.3,41.0,37.8,15.0
37167,40.6,80.4,11.0,0.9
37169,47.6,91.3,3.4,1.1
37171,43.7,86.2,3.8,1.4
37173,42.6,61.2,1.5,31.9
37175,51.9,89.3,3.9,1.5
37177,46.0,56.4,32.7,0.7
37179,39.1,71.1,11.2,1.7
37181,39.9,38.5,49.0,2.2
37183,37.2,59.4,19.3,1.3
37185,48.6,38.5,47.1,6.7
37187,49.3,46.6,49.6,1.3
37189,32.2,90.3,2.2,1.2
37191,37.4,55.0,30.6,1.2
37193,45.3,87.2,3.7,0.8
37195,40.7,46.1,39.3,1.0
37197,44.3,86.2,2.9,1.1
37199,47.9,92.5,0.6,1.0
38001,50.0,88.0,0.7,9.0
38003,42.9,91.0,1.3,3.0
38005,32.4,43.0,0.5,54.8
38007,44.7,98.8,0.0,0.0
38009,43.8,90.9,0.4,6.2
38011,42.7,94.2,0.0,3.3
38013,41.1,91.6,0.7,2.5
38015,38.0,86.6,1.9,5.6
38017,32.9,83.5,6.5,2.5
38019,47.1,92.8,0.0,1.9
38021,38.6,92.7,0.3,2.1
38023,47.3,89.4,3.5,1.9
38025,40.8,82.1,0.6,11.1
38027,48.7,91.2,0.0,5.8
38029,51.5,94.3,0.1,2.8
38031,43.3,94.2,0.4,0.8
38033,45.7,91.2,0.1,3.0
38035,30.6,83.9,3.6,4.3
38037,48.8,93.6,0.1,2.2
38039,50.6,94.8,1.2,0.4
38041,42.6,94.9,0.3,3.9
38043,47.8,96.2,0.2,1.6
38045,46.7,96.1,0.3,0.9
38047,49.9,94.2,0.1,3.1
38049,43.4,95.2,0.7,1.5
38051,53.8,92.5,0.1,1.3
38053,31.2,80.1,2.1,11.9
38055,47.4,88.8,0.2,7.9
38057,42.8,91.0,0.6,3.7
38059,37.7,87.9,1.7,5.1
38061,35.1,59.8,2.0,31.8
38063,50.4,93.3,0.0,2.6
38065,46.1,91.9,0.0,0.0
38067,45.5,90.3,1.0,3.9
38069,44.3,93.3,0.3,4.8
38071,40.2,82.1,1.0,12.4
38073,41.1,92.7,0.9,1.8
38075,42.5,96.8,0.0,0.4
38077,38.0,90.1,0.9,4.8
38079,32.1,18.5,0.2,80.3
38081,44.1,90.7,2.7,2.3
38083,50.8,95.7,0.0,2.0
38085,28.7,12.4,0.2,86.5
38087,54.2,93.8,0.0,5.2
38089,34.5,86.7,2.3,2.9
38091,46.4,94.1,0.3,2.1
38093,40.6,92.0,2.1,2.7
38095,50.3,84.5,0.7,10.8
38097,40.7,91.1,0.9,2.6
38099,43.8,85.2,0.9,3.4
38101,33.3,82.2,4.1,3.7
38103,47.9,96.5,0.0,1.8
38105,32.3,81.3,5.2,5.9
39001,42.3,96.5,0.4,1.3
39003,39.7,80.9,10.6,1.7
39005,41.4,95.1,1.1,0.9
39007,42.7,89.6,3.8,1.1
39009,32.8,90.7,2.5,1.1
39011,40.6,95.4,0.9,0.6
39013,44.1,91.4,3.1,0.7
39015,42.1,95.7,0.9,0.7
39017,37.1,77.9,8.3,0.8
39019,45.5,95.1,0.7,0.8
39021,41.6,92.3,1.7,1.2
39023,41.2,83.5,8.2,1.1
39025,40.8,92.4,1.5,0.8
39027,41.0,92.6,1.9,1.4
39029,44.7,93.2,1.9,1.0
39031,41.0,94.7,0.7,2.3
39033,43.3,95.5,0.9,0.5
39035,40.5,58.7,29.0,1.1
39037,42.0,95.6,0.5,0.7
39039,40.8,88.6,1.7,1.0
39041,39.9,81.4,4.2,0.7
39043,45.2,82.2,8.5,0.8
39045,39.5,82.6,8.9,1.1
39047,40.8,91.3,2.9,0.7
39049,34.7,60.5,23.0,1.4
39051,41.6,90.3,0.4,1.1
39053,41.3,92.4,2.0,0.9
39055,45.0,93.7,0.9,0.7
39057,38.7,82.9,5.9,1.3
39059,42.7,94.1,1.7,0.9
39061,36.9,64.3,25.1,1.0
39063,39.6,89.9,1.8,0.7
39065,35.3,93.4,1.1,1.6
39067,46.1,94.7,2.9,0.8
39069,41.7,89.7,0.6,1.1
39071,40.8,95.0,1.2,1.0
39073,42.6,94.4,0.4,1.1
39075,32.5,98.1,0.2,0.4
39077,40.4,91.9,0.7,1.1
39079,40.2,96.2,1.0,1.1
39081,44.2,89.6,5.4,0.7
39083,39.4,94.0,0.9,0.8
39085,44.0,86.9,4.9,0.7
39087,41.9,94.0,1.7,0.7
39089,40.2,87.0,4.0,1.1
39091,42.1,92.7,1.7,1.4
39093,42.1,79.5,7.5,1.4
39095,38.3,69.2,19.5,1.3
39097,41.5,87.5,4.7,2.4
39099,43.4,76.0,14.3,1.1
39101,40.5,87.6,5.2,1.2
39103,43.1,92.7,1.3,0.6
39105,43.8,96.6,0.6,0.8
39107,39.1,95.0,0.7,1.6
39109,41.1,91.2,2.1,0.7
39111,46.0,95.4,0.5,1.0
39113,38.8,69.2,20.5,1.2
39115,44.4,91.2,3.0,2.1
39117,43.3,95.0,0.5,0.8
39119,40.5,91.0,3.1,0.9
39121,51.3,93.6,4.0,0.3
39123,50.3,92.7,1.1,1.0
39125,41.7,92.2,0.8,1.3
39127,41.1,96.1,0.2,1.3
39129,39.5,92.0,3.0,1.5
39131,41.1,95.2,1.1,1.5
39133,39.3,87.5,4.7,1.1
39135,43.2,95.7,0.8,0.9
39137,40.0,92.0,0.9,0.7
39139,40.9,85.0,7.4,1.2
39141,41.0,89.1,5.4,1.2
39143,42.5,85.7,3.2,0.8
39145,40.6,93.1,2.4,1.4
39147,40.5,90.5,2.7,1.1
39149,40.1,92.7,2.1,0.8
39151,41.9,85.3,7.5,1.2
39153,41.2,75.0,14.0,1.1
39155,43.8,86.0,8.0,0.8
39157,41.2,94.4,0.7,0.7
39159,38.1,86.6,2.4,1.9
39161,41.4,93.9,0.7,0.6
39163,43.5,96.2,0.6,2.8
39165,39.8,83.7,3.4,0.7
39167,44.1,94.4,1.2,1.2
39169,38.9,93.2,1.2,0.9
39171,41.8,92.4,1.1,0.9
39173,35.7,87.9,2.0,0.9
39175,41.6,95.0,0.2,0.7
40001,38.1,40.4,0.3,52.2
40003,44.4,82.7,3.4,9.1
40005,40.2,69.2,3.9,21.1
40007,41.1,70.6,0.3,4.0
40009,37.1,82.7,5.4,6.0
40011,41.6,75.4,4.3,13.1
40013,36.8,70.4,2.4,21.0
40015,37.8,58.4,3.6,28.6
40017,36.1,74.5,3.6,8.4
40019,38.3,69.4,5.9,15.8
40021,37.3,46.9,1.4,45.0
40023,42.1,59.5,9.5,24.4
40025,38.3,80.5,0.1,6.0
40027,35.1,71.3,4.9,9.7
40029,40.3,66.6,0.2,29.0
40031,33.7,58.7,15.3,10.8
40033,43.2,78.8,1.6,13.4
40035,40.8,62.5,3.5,29.3
40037,40.6,76.1,2.1,16.6
40039,32.8,71.0,2.9,10.4
40041,47.0,63.5,0.5,31.2
40043,38.0,83.4,0.0,11.1
40045,43.4,87.6,0.2,5.8
40047,35.7,74.7,2.0,5.8
40049,38.8,78.3,1.6,14.4
40051,39.9,81.5,2.2,10.3
40053,42.9,88.5,2.1,5.1
40055,40.6,80.5,6.7,6.6
40057,40.3,68.1,11.1,4.7
40059,41.3,76.5,0.1,3.9
40061,41.4,69.3,0.3,24.2
40063,39.2,64.5,4.7,24.7
40065,35.0,72.0,6.6,6.0
40067,41.2,79.7,1.4,11.3
40069,39.5,68.8,2.4,23.0
40071,38.3,74.4,2.2,15.8
40073,38.5,81.3,1.1,6.1
40075,42.0,81.1,3.4,10.1
40077,41.5,62.9,1.3,31.5
40079,38.8,71.0,1.8,19.1
40081,41.3,82.3,1.7,11.6
40083,40.2,78.0,6.5,8.5
40085,38.6,72.3,2.1,10.9
40087,38.9,79.5,1.1,11.2
40089,37.9,60.8,7.7,22.6
40091,47.3,68.1,2.8,25.9
40093,42.0,84.5,0.0,5.9
40095,42.0,67.2,0.9,15.3
40097,40.5,63.8,0.4,31.3
40099,41.5,71.6,1.3,21.2
40101,38.2,55.9,9.8,26.8
40103,41.7,80.5,1.2,14.2
40105,41.6,65.9,1.6,27.3
40107,40.3,61.8,6.6,28.0
40109,35.1,59.9,14.5,7.6
40111,39.4,63.0,7.1,24.5
40113,43.3,63.3,10.2,21.2
40115,37.3,63.9,1.1,27.7
40117,41.7,76.4,1.0,18.5
40119,27.7,76.1,3.7,9.3
40121,40.3,70.3,2.3,22.1
40123,37.5,65.1,2.5,26.6
40125,38.0,72.3,3.2,18.6
40127,43.8,70.0,1.4,24.8
40129,42.0,83.3,0.1,10.8
40131,39.3,71.5,1.0,20.7
40133,39.2,64.7,4.3,26.3
40135,40.6,62.4,2.1,31.5
40137,40.9,80.6,1.6,9.7
40139,33.4,51.2,4.2,7.0
40141,39.6,64.9,7.6,7.7
40143,36.0,62.6,9.7,11.6
40145,38.8,69.7,3.4,16.7
40147,39.4,72.8,2.7,16.8
40149,40.7,86.2,1.4,5.9
40151,33.9,87.6,2.5,6.8
40153,36.5,83.5,1.2,4.9
41001,47.6,90.5,1.2,2.9
41003,33.8,80.4,1.4,2.5
41005,42.1,80.3,1.1,2.4
41007,45.2,85.5,0.9,3.1
41009,43.2,87.0,0.6,3.4
41011,48.6,85.6,0.6,6.1
41013,47.7,89.3,0.3,3.7
41015,57.2,86.3,0.3,6.4
41017,42.6,88.5,0.4,2.2
41019,46.6,87.6,0.4,4.7
41021,50.3,84.1,0.0,6.9
41023,50.8,89.5,0.1,2.5
41025,45.8,87.8,0.2,5.0
41027,40.2,73.6,0.9,2.2
41029,42.7,82.9,0.7,3.3
41031,41.3,62.7,0.7,18.7
41033,47.5,87.3,0.6,4.3
41035,41.3,79.6,0.7,6.8
41037,45.9,86.5,0.5,5.4
41039,40.2,82.0,1.2,3.7
41041,52.5,82.5,0.3,5.9
41043,40.2,85.3,0.4,4.3
41045,36.2,73.6,1.0,4.6
41047,37.2,69.2,1.1,5.2
41049,36.2,64.3,1.0,3.5
41051,38.5,70.0,5.5,3.0
41053,37.6,79.8,0.8,4.9
41055,45.8,86.7,0.4,3.4
41057,48.9,87.3,0.6,2.8
41059,36.7,70.9,0.7,5.9
41061,40.1,88.4,0.9,2.3
41063,50.2,90.0,1.2,1.4
41065,40.5,79.6,0.4,4.1
41067,37.8,66.0,2.3,2.6
41069,57.3,86.0,0.0,3.2
41071,39.5,78.4,0.7,4.1
42001,43.8,90.2,1.9,1.0
42003,40.6,76.9,12.5,0.8
42005,47.2,95.8,1.0,0.4
42007,44.7,87.7,6.2,0.5
42009,47.5,96.0,0.8,0.5
42011,39.9,72.3,4.7,1.4
42013,42.9,93.3,1.8,0.5
42015,43.7,95.1,1.0,0.8
42017,44.1,82.4,3.7,0.7
42019,43.3,93.8,1.0,0.5
42021,45.7,91.6,3.2,1.2
42023,52.5,94.1,0.0,0.5
42025,46.3,90.0,2.3,1.3
42027,33.8,84.9,3.3,0.9
42029,40.7,78.4,5.3,0.7
42031,41.6,94.8,1.8,0.4
42033,45.6,93.1,2.2,0.6
42035,39.8,94.5,1.4,0.6
42037,41.4,92.4,1.9,0.6
42039,43.9,93.7,1.7,0.7
42041,40.3,83.4,4.5,0.7
42043,39.4,64.9,17.7,1.0
42045,39.0,64.5,22.0,0.8
42047,48.5,95.1,0.8,0.5
42049,40.1,83.5,6.9,0.9
42051,45.4,90.1,4.1,0.9
42053,48.6,79.0,14.0,1.5
42055,42.2,87.8,3.2,1.0
42057,45.9,94.1,1.4,0.7
42059,43.0,92.3,2.7,0.9
42061,43.5,90.2,4.9,0.6
42063,39.5,92.6,2.5,0.5
42065,43.7,96.5,0.5,0.7
42067,43.1,93.2,1.1,0.4
42069,41.9,83.4,3.1,0.8
42071,39.1,82.9,4.0,0.8
42073,44.9,90.4,3.7,0.7
42075,41.3,82.0,2.1,0.7
42077,39.3,66.8,6.9,1.2
42079,42.1,78.3,5.2,0.7
42081,41.3,89.1,4.4,1.0
42083,43.8,93.7,2.3,0.7
42085,45.2,89.0,5.6,0.8
42087,43.1,93.9,0.7,0.5
42089,43.9,66.5,14.0,1.6
42091,41.1,74.4,9.3,0.8
42093,43.0,90.5,2.5,0.6
42095,42.0,76.7,5.9,0.9
42097,44.4,91.1,2.7,0.6
42099,43.8,94.5,0.8,0.8
42101,35.1,36.1,39.9,1.6
42103,49.4,80.4,6.6,0.9
42105,48.2,95.7,0.4,0.8
42107,43.9,89.7,2.9,0.8
42109,40.5,95.0,0.8,0.7
42111,47.0,94.5,1.9,1.2
42113,56.1,94.6,2.3,1.1
42115,48.6,95.7,0.2,1.2
42117,45.0,96.0,0.9,0.7
42119,40.5,89.1,6.0,0.5
42121,47.6,94.2,1.1,0.9
42123,47.4,95.2,0.8,0.6
42125,44.2,90.8,3.2,0.6
42127,48.9,90.1,3.2,1.1
42129,47.1,92.6,2.5,0.6
42131,45.2,94.5,0.8,1.4
42133,40.9,82.9,5.9,1.0
44001,44.1,90.4,1.1,0.8
44003,43.6,86.6,2.1,1.4
44005,46.4,84.9,3.8,1.0
44007,37.9,62.1,8.3,1.9
44009,45.3,90.4,1.3,1.8
45001,44.3,69.3,25.8,0.7
45003,41.6,66.1,24.5,1.4
45005,42.5,24.2,64.0,2.2
45007,40.5,77.2,13.6,2.6
45009,41.7,37.8,59.9,0.7
45011,40.7,52.2,43.3,1.6
45013,47.2,70.1,15.8,1.1
45015,36.7,63.1,23.2,1.7
45017,47.4,55.2,38.6,1.0
45019,39.0,66.2,23.8,1.2
45021,40.3,71.2,18.9,1.3
45023,42.2,58.3,36.0,1.6
45025,42.4,61.5,30.7,2.6
45027,45.9,50.1,45.2,1.0
45029,42.2,57.7,34.7,3.1
45031,41.5,54.5,41.0,1.1
45033,37.5,45.3,45.7,3.9
45035,37.9,63.1,25.1,1.3
45037,42.0,59.4,31.4,1.7
45039,46.7,38.7,55.4,1.0
45041,39.2,50.5,43.0,0.7
45043,51.6,66.2,28.9,0.6
45045,38.5,68.2,16.8,1.1
45047,39.6,62.8,31.3,1.3
45049,40.9,40.4,52.6,0.7
45051,48.2,77.8,11.9,1.1
45053,44.3,47.0,34.4,1.9
45055,40.3,67.7,23.4,1.1
45057,42.2,70.4,19.4,0.7
45059,40.9,67.4,23.0,1.6
45061,41.8,34.0,62.3,1.2
45063,39.7,73.4,15.0,1.3
45065,58.7,54.7,41.2,0.6
45067,43.0,38.5,55.8,1.9
45069,41.2,38.7,49.3,6.2
45071,42.0,61.4,29.2,0.7
45073,46.7,84.7,6.8,1.0
45075,40.8,34.3,61.6,1.2
45077,36.2,85.0,6.2,0.8
45079,34.2,41.3,47.3,1.3
45081,43.0,59.1,22.1,1.4
45083,37.9,67.7,19.8,0.9
45085,37.3,45.1,46.2,1.3
45087,44.3,65.2,29.2,2.6
45089,44.0,32.7,64.0,0.7
45091,39.4,69.5,18.7,1.5
46003,42.4,91.9,1.0,2.3
46005,36.9,71.3,1.1,2.8
46007,28.8,37.3,0.2,59.5
46009,41.8,86.9,1.9,8.7
46011,28.0,88.7,1.2,2.5
46013,37.8,85.7,0.4,7.0
46015,41.4,82.0,1.4,14.3
46017,26.2,21.7,0.0,76.2
46019,39.3,89.2,0.0,5.7
46021,52.4,93.7,0.0,2.0
46023,36.1,64.0,0.1,33.9
46025,40.6,91.8,0.5,2.1
46027,24.5,86.7,2.0,6.0
46029,39.9,91.3,1.0,3.3
46031,29.9,30.1,0.1,69.4
46033,57.2,90.9,0.4,5.4
46035,39.8,90.1,0.6,5.8
46037,47.1,85.4,0.1,11.8
46039,42.0,94.7,0.3,1.3
46041,27.6,20.2,0.4,78.1
46043,41.9,93.1,1.5,2.6
46045,43.6,95.0,0.8,0.7
46047,54.5,85.0,0.2,9.6
46049,43.2,96.8,0.0,1.9
46051,43.7,91.1,0.6,3.4
46053,45.7,87.4,1.0,9.8
46055,47.1,88.3,1.4,9.0
46057,32.5,92.8,0.3,1.8
46059,43.8,93.7,0.4,1.8
46061,37.9,93.4,0.4,2.7
46063,48.9,88.6,1.6,8.2
46065,39.3,81.2,0.0,14.7
46067,41.6,91.6,0.1,2.7
46069,50.9,87.0,0.0,7.9
46071,33.2,36.2,0.2,63.1
46073,46.5,88.7,0.0,4.7
46075,33.6,82.9,0.8,15.0
46077,41.9,94.7,0.0,2.5
46079,43.7,92.1,0.5,3.7
46081,43.8,91.1,0.5,4.0
46083,35.8,90.5,2.3,1.6
46085,36.0,57.4,0.0,41.5
46087,39.9,94.9,0.3,2.9
46089,48.8,96.0,1.7,1.7
46091,42.8,86.1,0.3,9.2
46093,37.0,87.4,2.0,4.7
46095,31.0,31.6,0.2,67.4
46097,48.9,94.6,1.0,2.6
46099,35.7,80.9,6.6,3.7
46101,40.5,75.5,1.1,15.4
46102,27.0,6.6,0.1,92.3
46103,39.7,80.3,1.3,12.4
46105,43.6,94.7,0.0,4.0
46107,44.9,90.4,1.9,3.6
46109,37.9,57.9,0.3,39.3
46111,38.6,94.9,0.0,2.2
46115,45.1,94.6,0.9,0.5
46117,43.7,91.0,0.1,6.1
46119,51.4,92.5,5.0,1.1
46121,25.4,8.1,0.3,87.1
46123,45.1,80.7,0.6,16.1
46125,41.3,94.1,0.8,1.5
46127,40.4,90.4,0.8,2.3
46129,41.6,79.7,0.3,19.6
46135,42.2,88.7,1.5,4.8
46137,36.6,27.3,0.0,72.0
47001,42.0,87.7,3.4,1.6
47003,37.6,79.6,7.1,2.0
47005,47.5,92.5,1.8,2.1
47007,44.9,88.5,5.5,1.1
47009,43.9,90.4,2.6,1.0
47011,39.3,84.9,5.2,1.2
47013,44.2,96.1,0.3,1.1
47015,40.8,94.1,2.4,1.4
47017,41.6,85.7,8.9,1.0
47019,45.8,94.3,2.0,1.0
47021,41.4,90.4,2.3,1.5
47023,37.8,85.0,9.8,0.8
47025,42.5,94.9,0.7,1.2
47027,48.8,94.5,0.9,1.1
47029,45.4,93.5,1.5,1.3
47031,39.2,87.5,4.1,1.0
47033,40.2,73.5,10.7,2.9
47035,53.0,94.9,1.1,1.0
47037,34.6,57.1,25.2,1.3
47039,45.9,91.6,3.1,0.9
47041,42.2,88.8,1.8,1.1
47043,39.0,89.9,4.0,1.4
47045,40.0,77.8,14.9,1.3
47047,47.2,66.6,27.0,1.0
47049,47.0,95.1,0.3,1.3
47051,42.7,88.6,4.6,1.4
47053,39.8,76.1,15.0,2.7
47055,43.6,84.6,8.6,2.6
47057,45.7,96.0,1.1,0.8
47059,44.6,92.2,1.9,1.1
47061,42.9,94.5,0.4,2.9
47063,40.8,82.1,2.7,1.1
47065,39.5,71.1,17.6,1.1
47067,41.9,96.8,0.4,0.7
47069,40.4,54.1,40.2,2.9
47071,45.4,92.5,3.0,1.0
47073,45.9,94.5,1.2,1.1
47075,43.1,43.6,50.1,1.0
47077,40.3,87.8,7.6,0.8
47079,45.8,87.4,7.2,1.2
47081,41.7,90.8,3.6,2.5
47083,44.2,93.0,2.9,1.4
47085,43.7,90.6,1.9,1.1
47087,48.0,93.3,0.5,1.6
47089,44.1,91.7,1.5,1.1
47091,46.4,89.1,3.7,4.1
47093,37.3,81.2,8.1,1.1
47095,41.6,66.1,22.3,3.5
47097,39.4,59.7,33.9,1.1
47099,39.0,93.4,1.3,1.3
47101,42.2,93.3,0.8,2.9
47103,43.0,86.9,5.8,1.9
47105,48.7,88.4,1.4,1.1
47107,42.5,89.3,3.1,1.4
47109,43.1,90.9,5.3,1.1
47111,38.3,90.3,0.8,0.9
47113,38.3,54.5,36.6,1.8
47115,43.7,91.3,2.8,2.0
47117,39.6,87.6,4.1,1.5
47119,39.2,80.1,10.6,1.2
47121,45.5,90.7,2.3,2.0
47123,44.8,89.0,1.8,1.7
47125,31.7,64.3,20.0,2.3
47127,46.2,92.2,2.9,1.5
47129,42.5,92.6,4.6,1.1
47131,41.9,80.2,10.6,0.9
47133,43.1,95.9,1.4,1.1
47135,41.6,92.2,0.5,1.5
47137,51.7,96.0,0.4,2.4
47139,46.2,90.9,0.8,1.5
47141,36.1,87.7,2.5,1.6
47143,41.0,89.1,1.6,1.8
47145,47.4,91.9,2.4,1.7
47147,39.1,81.5,7.0,1.2
47149,34.0,68.0,15.0,1.0
47151,40.7,96.6,0.4,2.0
47153,44.7,93.3,0.5,1.4
47155,43.6,87.7,0.9,1.2
47157,35.8,35.0,52.8,1.0
47159,40.7,90.8,1.9,1.2
47161,44.6,93.2,1.3,1.9
47163,45.0,93.1,2.0,0.9
47165,39.7,80.9,8.6,1.0
47167,38.7,74.7,18.6,1.3
47169,34.6,80.5,11.3,1.9
47171,47.4,92.5,0.5,1.5
47173,42.4,95.2,0.6,1.3
47175,47.2,95.1,0.4,3.8
47177,40.0,86.1,2.8,1.0
47179,40.3,87.7,3.8,1.0
47181,44.3,89.2,4.2,3.4
47183,37.9,86.7,7.4,0.9
47185,43.3,93.1,1.2,2.2
47187,40.3,82.8,3.8,1.0
47189,39.9,82.1,7.2,1.1
48001,39.5,60.2,18.8,3.9
48003,33.1,59.6,1.9,1.1
48005,37.8,67.1,12.2,4.7
48007,51.0,80.7,1.1,2.7
48009,43.1,91.1,0.8,3.0
48011,43.0,92.6,0.5,1.2
48013,36.1,54.5,1.3,1.9
48015,41.6,70.8,9.3,1.1
48017,35.1,71.0,0.9,0.0
48019,53.4,79.1,1.1,2.5
48021,37.5,56.6,5.7,3.6
48023,47.5,80.9,0.8,0.4
48025,35.8,57.3,6.1,3.7
48027,32.1,52.1,23.3,2.6
48029,34.6,49.4,7.9,2.9
48031,50.3,80.7,0.8,3.1
48033,30.0,85.2,1.5,1.4
48035,46.3,79.4,1.4,1.7
48037,38.4,65.7,24.9,1.5
48039,36.5,53.5,15.8,1.5
48041,26.8,66.4,10.8,1.6
48043,42.2,75.4,0.3,3.2
48045,50.8,84.5,5.4,0.3
48047,38.1,51.8,0.8,0.1
48049,41.4,78.1,3.3,1.6
48051,44.3,72.0,11.6,2.6
48053,44.9,81.5,1.2,2.3
48055,38.2,57.8,4.3,2.4
48057,39.9,65.8,2.5,1.4
48059,43.8,85.6,1.7,1.5
48061,32.4,50.0,0.6,1.0
48063,38.7,60.3,14.6,2.5
48065,42.3,91.0,0.6,2.6
48067,43.8,76.7,16.8,1.6
48069,34.9,54.0,1.2,1.9
48071,35.3,72.5,7.3,0.8
48073,38.2,67.2,13.1,2.6
48075,33.6,61.1,6.7,2.7
48077,47.8,91.0,1.1,2.3
48079,38.7,47.8,7.3,1.3
48081,47.2,85.2,1.7,2.4
48083,48.5,79.3,3.9,1.9
48085,37.3,57.0,10.7,1.5
48087,38.1,57.4,7.9,10.6
48089,43.8,66.1,13.0,1.6
48091,42.0,74.7,2.5,1.8
48093,43.7,73.8,0.5,2.8
48095,45.3,77.7,3.7,1.3
48097,40.3,78.9,3.3,1.8
48099,32.4,61.8,13.9,5.4
48101,44.3,65.7,4.9,5.6
48103,36.7,39.3,2.6,0.8
48105,42.9,37.1,0.6,0.1
48107,39.3,69.3,2.6,1.8
48109,48.1,46.2,0.2,2.8
48111,30.4,62.3,0.2,5.1
48113,34.0,40.8,22.5,2.0
48115,34.6,54.6,7.1,1.8
48117,31.4,52.8,1.9,1.9
48119,40.7,80.7,8.3,4.5
48121,36.8,60.6,10.7,2.1
48123,41.8,61.0,7.4,2.1
48125,45.7,78.1,1.5,2.0
48127,36.3,30.5,0.7,1.9
48129,45.4,87.2,5.4,0.5
48131,35.9,67.8,0.7,1.3
48133,42.6,82.5,2.3,1.8
48135,31.3,53.3,5.1,2.0
48137,39.6,85.6,1.6,1.4
48139,36.3,64.4,13.2,3.3
48141,33.3,39.2,3.3,2.0
48143,31.9,80.2,1.4,2.3
48145,41.5,57.9,20.2,1.9
48147,40.7,82.4,6.3,3.0
48149,48.6,79.2,6.0,1.2
48151,42.6,76.8,3.8,3.7
48153,38.5,69.6,2.7,1.4
48155,45.7,72.9,0.3,4.4
48157,37.1,37.0,20.5,1.5
48159,43.5,78.7,5.2,1.3
48161,41.8,67.9,14.7,1.4
48163,31.8,46.6,4.5,1.1
48165,29.3,76.8,2.5,0.6
48167,38.5,64.5,12.4,1.8
48169,38.4,61.1,10.5,1.3
48171,50.5,84.9,0.5,2.0
48173,40.6,68.1,0.0,4.9
48175,44.8,75.2,5.1,1.7
48177,38.8,64.9,6.3,1.4
48179,36.8,77.9,4.6,3.1
48181,39.4,78.9,5.4,3.1
48183,35.9,60.9,19.6,1.9
48185,40.5,63.5,11.7,3.7
48187,37.5,60.6,8.0,2.1
48189,34.1,62.9,4.1,3.0
48191,44.9,62.7,5.0,5.9
48193,43.8,86.8,1.9,1.2
48195,35.9,71.2,0.2,2.3
48197,44.3,77.8,3.4,6.3
48199,39.3,85.5,6.1,1.7
48201,34.4,40.1,19.1,2.1
48203,38.9,65.1,20.4,1.8
48205,39.5,68.6,6.7,2.2
48207,44.3,78.3,6.1,2.7
48209,33.9,66.5,4.1,2.5
48211,41.3,74.7,2.1,1.3
48213,43.8,80.5,5.3,2.1
48215,30.3,39.5,0.7,0.8
48217,40.8,78.1,6.2,1.9
48219,35.8,63.1,3.6,1.7
48221,46.3,85.9,1.1,1.4
48223,39.6,80.4,7.1,1.7
48225,44.0,63.1,22.1,3.2
48227,37.0,69.4,5.6,1.6
48229,33.2,36.6,0.8,5.1
48231,37.2,73.2,8.0,2.2
48233,38.1,74.0,2.4,5.0
48235,50.5,69.3,0.0,0.3
48237,41.3,87.1,3.5,2.0
48239,42.1,72.5,5.9,1.1
48241,42.5,74.9,15.4,1.1
48243,58.7,72.1,0.6,2.2
48245,37.1,44.1,33.1,1.3
48247,25.0,55.5,0.5,0.0
48249,35.5,78.4,0.8,1.3
48251,37.2,75.9,4.9,1.8
48253,39.0,65.7,10.5,4.1
48255,37.1,59.0,7.2,3.8
48257,34.2,60.0,16.8,2.2
48259,43.1,77.8,0.9,1.9
48261,65.5,19.2,0.0,1.9
48263,57.6,87.3,0.8,2.6
48265,48.6,77.3,1.6,2.4
48267,50.3,79.0,2.3,1.8
48269,49.1,81.0,0.0,6.9
48271,50.4,71.9,0.1,3.7
48273,29.3,53.4,3.4,1.6
48275,40.5,71.5,4.0,1.1
48277,40.0,77.1,12.4,2.7
48279,36.6,71.3,3.0,2.1
48281,43.9,77.3,4.1,3.0
48283,38.8,42.7,3.5,1.3
48285,43.1,75.6,4.0,2.3
48287,41.4,74.3,10.4,2.6
48289,44.3,80.0,7.3,1.8
48291,33.3,63.0,8.1,1.8
48293,42.0,61.1,17.2,1.0
48295,37.4,70.1,0.4,4.3
48297,38.6,77.0,2.4,2.1
48299,57.5,87.8,1.0,1.2
48301,68.9,90.7,0.0,0.0
48303,31.7,66.8,7.4,1.7
48305,37.2,64.7,1.6,3.7
48307,47.1,74.8,0.8,5.5
48309,34.0,63.7,14.1,1.3
48311,32.6,61.6,0.0,3.2
48313,35.8,62.2,15.7,3.6
48315,50.6,71.4,21.6,2.1
48317,37.2,76.5,1.2,3.6
48319,46.5,84.6,0.1,0.6
48321,37.5,55.9,10.5,1.1
48323,30.2,34.7,0.2,1.9
48325,39.6,65.1,2.8,2.3
48327,58.0,81.2,0.4,5.2
48329,32.6,59.9,7.2,2.0
48331,41.6,73.4,9.6,1.7
48333,52.2,81.1,0.6,3.2
48335,36.9,64.3,5.9,7.1
48337,44.0,91.3,0.0,3.1
48339,37.2,71.3,6.0,1.5
48341,30.6,61.3,4.7,3.6
48343,42.4,65.4,18.6,5.4
48345,51.4,84.8,2.6,3.2
48347,31.8,65.8,17.5,1.6
48349,37.4,61.2,10.9,1.6
48351,45.8,75.3,17.9,1.5
48353,36.5,68.9,4.2,2.0
48355,36.8,54.8,4.0,1.3
48357,33.3,69.0,0.0,2.1
48359,32.5,81.8,7.4,0.6
48361,37.9,80.8,8.6,1.4
48363,41.1,82.2,2.5,1.9
48365,40.5,74.2,11.4,4.9
48367,39.3,84.9,1.4,2.0
48369,36.2,67.0,0.4,6.7
48371,37.3,58.5,4.3,1.1
48373,43.9,77.1,7.9,3.9
48375,35.1,61.9,10.6,1.9
48377,42.0,36.9,1.1,2.5
48379,46.2,87.2,2.9,1.9
48381,36.8,77.8,3.6,2.3
48383,29.4,38.1,5.4,2.7
48385,56.5,94.6,1.4,0.0
48387,49.1,77.1,16.4,2.8
48389,34.4,41.7,1.5,1.4
48391,43.9,61.9,7.4,1.1
48393,39.4,95.2,0.3,3.3
48395,40.9,63.5,20.5,2.1
48397,37.6,71.2,8.5,2.0
48399,41.8,69.7,3.0,2.1
48401,38.8,67.6,13.2,3.7
48403,54.3,86.6,4.6,2.7
48405,48.8,70.7,22.1,1.6
48407,45.0,73.2,8.5,2.3
48409,37.1,64.3,1.6,1.3
48411,40.1,77.6,2.4,1.6
48413,39.8,59.4,0.7,1.2
48415,36.4,68.9,2.7,3.6
48417,43.9,86.8,1.2,2.3
48419,40.0,67.1,15.6,4.2
48421,36.5,68.5,0.2,0.2
48423,37.4,69.0,16.7,1.2
48425,44.0,83.5,1.9,4.0
48427,29.1,44.2,0.3,0.3
48429,41.6,79.3,3.2,2.8
48431,31.4,81.7,0.1,0.1
48433,46.5,92.2,0.6,0.0
48435,34.9,49.2,0.1,1.2
48437,36.5,69.1,8.0,1.6
48439,35.1,52.1,17.5,1.8
48441,33.0,70.5,8.0,1.7
48443,60.9,83.4,0.0,3.5
48445,35.7,56.9,4.4,1.1
48447,42.7,93.2,0.0,0.9
48449,34.7,56.7,9.5,2.2
48451,35.8,69.0,3.8,1.6
48453,35.5,59.8,8.2,2.2
48455,49.8,80.0,9.1,1.7
48457,42.5,80.6,10.6,1.8
48459,40.3,81.4,7.2,2.5
48461,41.1,43.3,0.9,1.0
48463,34.6,67.2,1.4,2.7
48465,32.3,62.2,1.4,0.9
48467,42.1,88.3,2.7,1.8
48469,36.6,61.6,5.7,1.3
48471,37.1,61.9,20.3,2.5
48473,30.8,46.6,23.6,2.9
48475,34.9,64.5,6.3,1.4
48477,40.9,69.0,15.2,3.1
48479,29.8,37.7,0.5,0.5
48481,38.4,63.4,13.3,0.6
48483,40.6,81.9,1.7,4.0
48485,35.0,73.9,10.3,2.2
48487,39.5,66.7,6.2,4.7
48489,33.7,56.8,1.4,0.6
48491,37.2,63.8,6.9,1.9
48493,40.1,72.1,1.8,3.3
48495,35.3,58.2,4.3,2.5
48497,40.0,84.4,1.5,2.0
48499,48.4,84.2,4.0,1.8
48501,33.0,58.8,0.1,3.8
48503,40.7,83.2,1.7,1.1
48505,31.5,39.5,0.3,0.0
48507,32.5,36.4,0.8,0.8
49001,34.4,90.8,0.2,0.3
49003,32.9,89.3,0.4,1.4
49005,25.9,85.4,0.8,2.1
49007,38.8,89.1,0.8,2.9
49009,45.0,92.6,0.0,4.7
49011,32.3,85.5,1.2,1.3
49013,33.8,88.2,0.1,5.6
49015,39.1,94.1,0.0,2.5
49017,41.0,94.7,0.1,2.5
49019,39.6,84.1,0.0,4.6
49021,29.9,87.8,0.6,2.8
49023,30.5,93.8,0.7,1.7
49025,43.7,90.8,0.2,2.7
49027,33.4,86.1,0.4,1.7
49029,32.5,94.3,0.2,0.7
49031,47.1,95.8,0.1,0.0
49033,37.2,89.5,0.0,3.5
49035,33.8,72.8,1.8,2.3
49037,34.6,46.7,0.1,48.7
49039,33.8,86.7,0.9,1.9
49041,36.7,92.9,0.2,1.7
49043,41.0,86.7,0.4,1.4
49045,32.0,86.2,0.8,2.1
49047,33.0,84.1,0.5,8.2
49049,25.5,83.7,0.7,1.6
49051,36.1,85.1,0.1,1.3
49053,39.0,85.9,0.5,2.2
49055,43.1,94.5,0.0,1.8
49057,33.5,83.9,1.1,1.9
50001,44.0,90.8,1.1,1.4
50003,46.6,92.7,1.0,1.0
50005,45.6,93.3,0.9,1.4
50007,37.0,87.2,2.6,1.2
50009,51.4,94.7,0.1,2.4
50011,40.9,92.6,0.3,2.4
50013,48.7,91.7,0.5,3.9
50015,41.2,92.3,1.1,1.6
50017,46.9,93.8,0.4,1.8
50019,45.4,94.5,0.8,1.6
50021,47.7,93.9,0.7,1.1
50023,43.7,93.2,0.9,1.2
50025,47.3,91.7,0.9,1.5
50027,47.8,93.3,0.6,1.2
51001,47.5,60.7,27.2,1.2
51003,39.8,76.6,8.8,0.6
51005,48.1,92.4,5.5,0.1
51007,44.8,73.3,20.3,1.4
51009,43.3,74.5,17.7,1.5
51011,43.3,77.3,17.0,0.9
51013,35.5,62.6,9.4,1.4
51015,44.9,90.0,4.3,0.7
51017,52.3,91.0,3.8,0.7
51019,47.1,86.6,6.0,0.8
51021,47.1,93.2,5.0,0.6
51023,48.1,91.7,2.4,0.8
51025,44.4,41.2,53.4,1.3
51027,47.3,96.2,2.4,0.6
51029,43.7,61.4,32.1,0.9
51031,43.2,77.9,14.4,1.3
51033,39.4,62.4,23.9,2.2
51035,49.0,94.7,0.5,0.7
51036,52.6,44.9,40.5,9.5
51037,45.2,70.4,25.2,0.8
51041,38.9,59.5,23.5,1.3
51043,48.3,84.7,6.0,1.1
51045,46.1,95.2,0.1,2.0
51047,39.3,68.4,13.2,0.9
51049,45.2,64.0,28.8,1.5
51051,45.9,97.8,1.0,0.5
51053,43.4,64.4,30.6,0.2
51057,47.1,55.9,37.5,1.3
51059,38.9,51.4,9.8,1.5
51061,40.8,81.0,6.3,1.7
51063,48.0,93.5,2.8,0.7
51065,43.3,76.7,12.6,1.5
51067,48.5,86.7,7.8,1.3
51069,40.6,82.4,4.2,1.4
51071,45.8,94.7,2.2,0.5
51073,44.6,84.0,8.1,1.6
51075,49.4,79.0,14.4,0.7
51077,48.5,89.7,5.2,1.1
51079,40.8,79.9,6.8,1.8
51081,39.9,36.3,53.4,4.3
51083,46.7,60.3,34.7,1.3
51085,42.3,82.3,8.6,1.1
51087,39.4,51.3,29.7,1.2
51089,47.9,69.8,22.4,0.8
51091,57.1,94.4,0.0,1.1
51093,44.2,70.2,22.1,1.5
51095,47.2,74.9,12.8,0.9
51097,49.0,66.8,23.8,1.3
51099,38.3,71.2,15.7,1.1
51101,40.5,78.6,15.3,2.7
51103,59.1,67.7,27.8,0.3
51105,45.4,93.0,4.3,0.8
51107,37.8,55.4,7.7,1.2
51109,44.8,77.3,13.3,0.9
51111,44.8,57.8,33.5,0.9
51113,46.2,84.7,8.4,1.6
51115,53.8,86.7,8.4,2.8
51117,48.8,61.9,32.9,0.9
51119,55.5,79.3,15.1,1.3
51121,30.2,82.7,3.9,0.8
51125,51.3,81.6,10.3,1.2
51127,43.4,78.0,13.4,2.3
51131,51.6,57.4,31.5,0.6
51133,59.5,69.0,19.6,2.6
51135,41.2,55.3,37.5,2.0
51137,42.0,77.2,10.4,1.5
51139,45.4,92.5,1.9,0.8
51141,51.0,91.1,5.4,0.7
51143,48.3,74.4,20.7,0.8
51145,45.3,85.1,8.8,1.1
51147,32.4,62.7,30.6,0.9
51149,33.4,54.8,31.1,2.2
51153,36.0,46.6,20.5,1.9
51155,46.9,91.1,4.6,0.6
51157,50.1,86.0,4.8,1.2
51159,46.1,61.0,27.9,3.1
51161,43.7,84.6,6.4,0.7
51163,49.7,89.6,4.0,1.2
51165,40.3,88.1,2.5,1.0
51167,46.5,97.0,1.3,0.8
51169,47.6,96.5,1.2,0.6
51171,42.9,86.9,2.9,1.2
51173,46.2,95.0,2.0,0.6
51175,46.9,61.3,29.8,3.8
51177,38.3,65.2,16.6,1.3
51179,36.3,57.2,19.3,1.5
51181,50.7,55.8,41.0,1.1
51183,41.0,40.3,55.0,1.1
51185,45.0,93.3,3.7,0.6
51187,40.5,83.7,5.1,1.2
51191,46.9,94.7,1.7,0.6
51193,48.0,63.7,24.0,0.8
51195,42.1,90.7,5.4,0.6
51197,45.9,93.6,2.4,0.6
51199,39.8,69.1,13.1,1.4
51510,37.5,53.6,21.1,1.7
51520,42.6,85.9,6.7,0.8
51530,36.2,86.0,1.6,8.1
51540,32.9,68.0,17.0,0.7
51550,37.7,56.2,29.0,1.5
51570,38.5,69.4,18.0,1.6
51580,41.5,80.0,12.3,0.8
51590,40.8,40.7,50.4,1.3
51595,39.5,20.6,64.0,0.9
51600,37.3,56.3,6.4,1.5
51610,39.4,70.9,4.8,0.8
51620,40.5,38.1,51.7,3.8
51630,31.0,58.8,20.2,2.3
51640,41.9,80.4,4.9,1.0
51650,36.5,37.5,49.0,2.6
51660,25.4,66.5,7.6,1.6
51670,36.4,44.4,42.6,1.3
51678,22.5,81.7,4.7,4.1
51680,28.4,62.2,27.7,1.5
51683,34.7,50.5,12.6,2.0
51685,35.3,40.3,11.4,3.6
51690,40.2,43.1,44.3,0.8
51700,34.2,42.3,41.0,1.2
51710,32.4,44.0,39.8,1.7
51720,41.1,95.1,1.3,2.1
51730,35.8,15.9,77.2,0.3
51735,41.4,92.0,1.7,1.1
51740,35.8,36.9,51.7,2.6
51750,23.0,83.2,9.3,1.2
51760,34.5,43.2,42.0,1.3
51770,38.0,57.5,29.0,1.1
51775,40.3,84.0,7.8,0.8
51790,41.0,80.1,11.0,1.2
51800,38.7,47.5,42.0,1.6
51810,37.4,61.6,18.9,1.4
51820,38.9,75.6,11.9,1.5
51830,24.0,68.2,15.2,1.2
51840,36.7,69.0,9.2,1.2
53001,29.2,47.8,0.4,4.5
53003,45.5,88.9,0.9,3.1
53005,36.2,72.3,1.7,2.7
53007,40.4,68.8,0.6,2.6
53009,51.8,82.8,0.9,7.7
53011,38.9,77.3,2.1,2.5
53013,52.1,81.5,0.7,7.1
53015,41.1,84.8,0.7,4.1
53017,38.4,61.9,0.5,2.3
53019,52.8,73.7,0.2,19.4
53021,30.8,51.8,1.9,3.2
53023,52.6,91.0,1.3,0.9
53025,33.5,59.0,1.2,3.3
53027,44.7,80.9,1.6,6.7
53029,44.5,79.4,2.7,2.7
53031,59.5,86.7,0.4,4.3
53033,37.3,56.7,6.5,2.3
53035,39.9,76.5,2.6,3.5
53037,37.9,82.4,1.1,3.0
53039,47.5,84.5,0.7,3.3
53041,42.4,83.6,0.8,3.6
53043,46.9,90.7,0.5,3.7
53045,44.8,78.3,1.0,6.6
53047,43.4,66.5,1.6,13.2
53049,54.9,82.8,0.6,4.1
53051,50.0,86.2,0.3,4.1
53053,36.8,65.9,7.2,3.8
53055,56.7,88.3,0.3,2.4
53057,41.9,76.8,0.9,3.7
53059,48.6,87.6,0.3,4.2
53061,38.4,66.4,3.6,3.0
53063,38.2,83.8,2.0,3.4
53065,46.8,86.8,0.4,7.2
53067,39.8,74.1,3.3,3.5
53069,54.8,86.1,1.1,4.7
53071,38.3,75.3,1.8,3.1
53073,38.2,78.7,0.9,4.0
53075,26.1,76.7,1.6,2.6
53077,33.2,52.8,0.8,5.8
54001,42.4,91.2,1.8,0.9
54003,38.7,82.3,7.2,0.9
54005,45.0,97.3,0.4,0.5
54007,46.7,87.2,0.9,1.0
54009,46.6,93.6,1.4,0.7
54011,39.3,89.7,4.2,0.9
54013,48.1,95.9,0.0,1.1
54015,45.3,97.1,0.0,1.8
54017,45.3,93.4,2.6,1.1
54019,44.5,92.0,4.5,0.8
54021,40.7,81.9,14.3,1.6
54023,46.9,96.2,1.4,0.7
54025,46.5,92.9,2.2,1.1
54027,48.1,94.5,0.7,1.3
54029,46.8,93.0,2.0,1.1
54031,47.3,90.0,4.9,0.8
54033,42.3,93.0,1.3,0.9
54035,43.3,96.3,0.2,1.1
54037,41.0,82.1,5.3,1.8
54039,43.7,86.9,6.2,1.0
54041,43.2,91.2,0.3,0.6
54043,44.0,97.0,0.0,1.6
54045,44.1,95.8,1.9,0.5
54047,43.6,88.3,9.2,0.7
54049,40.4,92.0,2.6,1.2
54051,46.2,94.2,0.3,1.7
54053,44.2,95.9,0.9,0.8
54055,43.3,89.4,4.3,2.5
54057,44.6,93.2,1.8,1.9
54059,44.3,95.6,2.0,0.5
54061,32.5,87.4,3.6,0.7
54063,46.7,96.3,1.3,1.2
54065,49.3,94.4,0.3,1.7
54067,46.0,96.7,0.3,1.2
54069,42.8,90.7,3.2,0.8
54071,50.8,94.9,2.1,0.8
54073,43.4,94.7,0.5,2.1
54075,49.8,94.5,0.4,2.4
54077,43.2,90.7,6.6,0.7
54079,42.3,94.7,0.7,0.9
54081,42.8,87.8,6.9,1.3
54083,44.2,90.7,1.5,0.8
54085,47.2,97.1,0.1,0.7
54087,46.5,96.2,0.0,1.5
54089,50.4,91.9,5.7,1.1
54091,44.2,95.6,1.2,0.8
54093,51.2,97.0,0.0,1.7
54095,48.4,95.8,0.7,0.6
54097,42.0,92.8,1.4,0.9
54099,44.5,96.0,0.8,0.7
54101,47.1,92.7,0.2,1.7
54103,45.6,95.5,0.5,0.5
54105,46.2,96.9,0.2,1.8
54107,43.9,94.8,1.2,0.9
54109,45.3,97.0,0.7,1.0
55001,55.5,89.8,2.2,1.7
55003,43.1,83.3,0.8,12.9
55005,44.8,92.1,1.5,1.6
55007,54.1,84.5,0.8,11.4
55009,37.9,80.5,2.7,3.8
55011,46.4,95.2,0.5,0.8
55013,55.2,90.7,0.8,5.6
55015,41.7,89.2,0.9,1.2
55017,41.7,93.1,1.6,1.2
55019,37.0,92.4,0.8,0.9
55021,43.3,92.1,1.9,1.3
55023,47.3,93.6,1.4,1.3
55025,35.6,79.0,5.1,1.1
55027,42.9,90.0,2.7,1.3
55029,54.1,93.3,0.7,1.4
55031,42.8,90.9,1.3,3.8
55033,35.8,91.9,0.9,1.0
55035,35.8,88.8,1.2,1.2
55037,54.8,95.7,0.4,1.1
55039,41.9,88.8,1.7,1.1
55041,49.1,78.4,0.4,16.8
55043,36.9,94.2,1.8,0.6
55045,43.1,94.1,0.7,0.5
55047,45.5,93.2,0.8,1.2
55049,43.7,93.4,0.8,0.6
55051,55.9,94.5,0.0,3.5
55053,42.6,86.2,1.7,7.4
55055,41.3,89.8,1.1,1.3
55057,45.9,88.8,2.3,2.0
55059,39.2,76.8,6.2,2.0
55061,44.4,93.6,0.4,1.2
55063,37.1,88.8,1.5,0.9
55065,40.9,93.4,0.6,0.8
55067,49.0,93.0,0.5,2.8
55069,49.2,94.2,0.5,1.1
55071,45.0,89.8,0.8,1.1
55073,41.2,87.9,0.5,1.3
55075,48.8,94.7,0.4,1.4
55077,50.5,93.9,0.5,1.3
55078,33.8,12.4,0.8,86.2
55079,35.4,52.4,26.1,1.7
55081,39.6,90.7,1.5,1.8
55083,47.4,94.1,0.1,3.4
55085,52.2,94.0,0.5,1.9
55087,38.7,86.6,1.6,2.4
55089,44.0,90.8,1.5,0.8
55091,46.3,95.6,0.3,0.6
55093,38.4,92.5,0.4,0.9
55095,46.5,94.2,0.3,1.8
55097,38.1,90.5,0.8,1.0
55099,52.5,94.1,0.2,1.6
55101,40.5,74.2,10.6,1.6
55103,46.4,93.4,0.9,0.7
55105,40.1,82.3,4.7,1.3
55107,49.1,94.3,0.9,1.5
55109,39.8,93.0,0.7,0.9
55111,41.3,89.0,0.9,1.6
55113,52.2,77.9,0.6,18.5
55115,45.5,86.1,0.6,10.0
55117,41.8,84.3,2.1,1.0
55119,44.1,95.1,0.3,0.8
55121,39.8,87.8,0.5,1.2
55123,41.5,95.0,0.3,0.6
55125,55.5,85.9,0.3,10.6
55127,41.1,87.1,0.8,1.0
55129,52.4,93.4,0.6,2.6
55131,43.5,92.1,1.6,1.0
55133,43.3,87.9,1.5,0.8
55135,45.4,93.6,0.7,1.2
55137,49.9,89.7,1.8,1.9
55139,38.4,87.8,2.6,1.6
55141,43.9,92.0,0.8,1.2
56001,28.7,85.0,1.2,2.4
56003,41.5,89.0,0.5,2.3
56005,35.8,86.8,0.3,2.7
56007,40.4,83.8,1.3,3.1
56009,41.3,94.3,0.2,3.3
56011,44.3,93.6,0.0,2.6
56013,39.4,71.8,0.5,22.2
56015,43.4,88.3,0.8,1.8
56017,45.4,91.1,0.0,4.1
56019,47.0,92.3,0.0,2.3
56021,38.2,82.2,2.2,3.0
56023,41.2,93.5,0.0,1.8
56025,38.2,89.4,0.6,2.2
56027,49.6,93.7,1.4,3.1
56029,44.8,90.1,0.4,2.5
56031,47.8,87.8,0.4,2.8
56033,42.9,92.5,0.4,2.4
56035,42.8,92.7,0.0,0.9
56037,37.4,82.4,1.2,2.6
56039,40.1,80.5,0.6,1.0
56041,36.7,91.0,0.3,3.0
56043,44.2,82.6,0.2,2.3
56045,43.1,85.8,0.1,5.6
72001,44.2,83.1,1.8,0.6
72003,46.0,36.7,1.4,46.3
72005,44.5,73.1,3.3,1.5
72007,44.4,36.6,8.3,1.4
72009,47.0,21.0,5.5,1.3
72011,45.4,25.5,2.1,42.1
72013,45.1,24.0,2.2,0.7
72015,42.9,44.6,19.9,1.2
72017,42.6,22.3,3.0,0.9
72019,39.7,42.4,6.7,0.3
72021,44.1,24.5,5.5,0.7
72023,46.8,50.7,5.2,6.8
72025,44.2,45.1,8.6,1.3
72027,45.1,74.7,2.2,0.7
72029,42.6,21.5,14.2,0.8
72031,44.8,28.3,13.5,0.7
72033,43.5,25.5,8.1,0.4
72035,45.2,36.7,8.4,2.0
72037,46.6,17.0,4.8,1.0
72039,45.4,34.1,5.1,1.7
72041,43.4,32.7,11.3,2.6
72043,45.3,18.6,8.0,0.2
72045,42.0,30.5,10.6,0.5
72047,42.8,31.5,7.5,0.9
72049,42.0,25.4,1.7,0.0
72051,42.6,31.4,5.6,0.7
72053,44.3,21.5,5.9,0.5
72054,40.7,25.5,0.6,1.0
72055,45.8,56.1,3.6,0.2
72057,41.2,48.3,9.7,0.6
72059,43.8,79.4,2.3,0.5
72061,46.6,30.2,4.7,0.6
72063,41.5,34.5,10.4,1.0
72065,45.2,71.9,3.8,0.8
72067,49.7,29.2,3.4,0.1
72069,46.6,14.6,5.3,0.0
72071,44.7,52.9,6.2,0.4
72073,43.2,56.9,2.1,0.0
72075,42.2,15.4,5.6,0.3
72077,40.3,36.2,15.5,2.4
72079,48.0,50.9,3.3,0.2
72081,45.0,81.3,2.1,0.7
72083,44.5,62.5,3.0,0.0
72085,43.0,8.2,17.3,0.1
72087,43.1,12.1,34.2,0.2
72089,45.0,19.9,6.4,0.1
72091,45.0,24.7,2.1,0.5
72093,47.5,66.5,0.2,0.8
72095,48.5,8.2,19.7,0.5
72097,43.2,15.2,2.3,0.5
72099,42.4,75.7,4.1,0.6
72101,42.0,27.6,4.7,0.5
72103,39.6,19.4,1.3,0.0
72105,43.4,33.5,7.1,0.0
72107,42.0,35.6,4.7,1.2
72109,48.0,4.9,20.8,0.0
72111,41.2,78.3,1.6,0.3
72113,43.9,41.3,4.9,0.8
72115,44.2,59.0,3.0,0.6
72117,49.6,21.4,2.3,54.1
72119,44.3,18.7,11.6,0.5
72121,45.3,57.8,0.8,1.6
72123,43.3,17.6,10.6,0.7
72125,46.8,66.9,1.0,0.5
72127,45.4,32.2,10.7,1.1
72129,44.5,6.5,17.1,0.8
72131,46.5,71.8,2.3,3.1
72133,41.1,18.7,7.5,0.2
72135,41.7,36.3,4.6,0.5
72137,43.0,25.6,6.9,0.8
72139,43.4,38.3,11.5,1.9
72141,46.3,55.6,1.8,1.3
72143,41.9,21.9,5.0,0.5
72145,44.3,25.3,4.2,0.2
72147,46.3,12.6,2.7,0.0
72149,43.3,34.7,10.2,0.1
72151,46.6,6.7,19.8,0.1
72153,46.7,73.4,1.9,0.6
